NA;NA;NA;NA;NA;NA;NA;NA;NA;NA;NA;NA;NA;NA;NA;NA;NA;NA;NA;NA;NA;NA;NA;NA;NA;NA;NA;NA;NA;NA;NA;NA;NA;NA;NA;NA;NA;NA;NA;NA;NA;NA;NA;NA;NA;NA;NA;NA;NA;NA;NA;NA;NA;NA;NA;NA;NA;NA;NA;NA;NA;NA;NA;NA;NA;NA;NA;NA;NA;NA;NA;NA;NA;NA;NA;NA;NA;NA;NA;NA;NA;NA;NA;NA;NA;NA;NA;NA;NA;NA;NA;NA;NA;NA;NA;NA;NA;NA;NA;NA;NA;NA;NA;NA;NA;NA;NA;NA;NA;NA;NA;NA;NA;NA;NA;NA;NA;NA;NA;NA;NA;NA;NA;NA;NA;NA;NA;NA;NA;NA;NA;NA;NA;NA;NA;NA;NA;NA
NA;135.112823486328;16.5792446136475;0;0;0;0;0;0;0;0;1.55930066108704;31.9213027954102;95.7627334594727;7.85449314117432;13.3617296218872;27.9203338623047;55.7424163818359;52.3867492675781;0;0.0368581563234329;43.2992820739746;98.3869094848633;69.1080017089844;15.9353265762329;0;1.73229706287384;27.8573150634766;2.00373768806458;673.957702636719;981.316528320312;1664.62255859375;10.4649515151978;118.595771789551;1071.11682128906;218.91960144043;4.55693197250366;0;138.452819824219;147.399536132812;151.780822753906;269.024200439453;2670.88427734375;50.6694259643555;193.699768066406;597.972045898438;3566.07202148438;4590.58544921875;1180.88415527344;2822.51708984375;35303.57421875;13763.0791015625;0;172.035980224609;14.4768190383911;12536.66796875;5919.5693359375;1787.20385742188;4894.69189453125;1932.01843261719;336.665252685547;0;1739.544921875;0;695.133178710938;0;149.966995239258;5505.4052734375;10824.6396484375;1156.33740234375;0;0;0;0;0;0;0;0;0;0;5.78280591964722;0;0;0;0;0;0;16.4191646575928;0;0;0;5.81493282318115;0;0.509219229221344;0;0;1.37475693225861;0;0;0;0;0;0;0;0;0;0;0;0;0;0;0;0;0;54.2774124145508;0.229708030819893;179.260925292969;62.9840469360352;6.93236923217773;0;0;5.16717338562012;0;0;0;0;0;0;0;0;0;0;0;506.436981201172;0;0;0;NA
NA;0;0;0;0;0;0;0;0;0;0;0;13.4620637893677;30.966724395752;32.5594520568848;41.5254898071289;7.59974384307861;58.4755096435547;31.9050979614258;52.3506240844727;99.0746154785156;48.9024353027344;132.705749511719;34.4406700134277;0.279112815856934;69.5661697387695;8.65553665161133;7.9032998085022;2.08027958869934;933.590942382812;20.1373805999756;0.414521425962448;70.2046356201172;38.0947685241699;1069.81323242188;304.053527832031;7.51709604263306;109.379653930664;558.3984375;535.684448242188;370.620361328125;810.633605957031;4227.86474609375;677.590148925781;2465.62915039062;589.278259277344;74.8724670410156;1215.47143554688;127.514350891113;14823.6845703125;9351.9501953125;270.228485107422;138.224349975586;49.9804458618164;5842.76708984375;2855.72265625;1275.17333984375;820.679138183594;3074.0888671875;19.5427742004395;0;1360.39807128906;0;19.6069030761719;0;2729.30004882812;8763.66796875;35915.65625;4871.71923828125;2.13152718544006;24.7244701385498;0;0;0;0;0;0;0;0;0;34.476692199707;0;0;0;0;0;192.288665771484;24.5516662597656;0;0;0;0;9.99955272674561;0;19.0655708312988;1.75462770462036;0;0;0;0;0;0;0;0;0;0;139.134307861328;0;0;0;0;150.754348754883;0;0;226.639923095703;171.414825439453;583.961181640625;280.442138671875;0;0;0;0;0;0;0;0;0;0;0;0;0;0;27.7636299133301;0;0;0;0;NA
NA;749.373168945312;36.7792053222656;0;0;0;0;0;0;0;0;0;0;4.97850227355957;1.88042604923248;0.0875270515680313;10.8028631210327;1.94831418991089;68.8488006591797;80.2267913818359;60.0099563598633;548.56396484375;217.976364135742;100.663078308105;8.7024507522583;256.674865722656;193.058151245117;90.413215637207;91.2918395996094;0;1.47476887702942;474.69580078125;1822.68884277344;751.656433105469;707.388000488281;319.785400390625;47.2934722900391;75.5401000976562;143.836456298828;0;0;1354.74353027344;3594.99853515625;4752.5498046875;6120.53173828125;43.9749145507812;5834.31591796875;5413.333984375;14654.3056640625;15315.638671875;4439.3623046875;910.8623046875;5139.73291015625;672.222412109375;2039.9404296875;399.359741210938;761.322692871094;460.134735107422;0;47.384880065918;125.648468017578;142.435211181641;2716.77416992188;297.157348632812;8805.421875;3656.21044921875;21476.59375;16560.078125;18464.630859375;23.1073417663574;0;0;0;0;0;0;0;0;0;126.264640808105;3.36374521255493;0;0;0.572542428970337;0;307.748840332031;157.309005737305;19.3934192657471;5.32388401031494;0;0;0;0;0;0;0;0;0;0;0;0;0;23.3340377807617;0;0;0;0;0;0;0;0;0;0;0;0;0;0;0;0;0;22.7302169799805;8.52426624298096;0;0;0;0;0;0;0;0;0;0;0;0;0;0;0;NA
NA;0;0;0;19.9572849273682;0;0;0;0;0;0;0;0;0;0;0;0;0;13.681173324585;15.8017797470093;0;96.879020690918;72.9662780761719;445.415893554688;82.9944915771484;36.1291427612305;25.2937679290771;7.02805805206299;4.40554714202881;3.14111995697021;104.931190490723;1280.99768066406;320.294525146484;12.503963470459;62.0036430358887;0;63.6750793457031;652.041687011719;0;0;630.873291015625;7244.06396484375;8606.771484375;12819.841796875;3156.7138671875;11710.515625;13420.2470703125;21554.15234375;8053.025390625;1814.03002929688;2627.1328125;7834.8232421875;1856.74560546875;2415.93920898438;47.0951232910156;0;103.891036987305;0;517.169494628906;153.861907958984;0;126.6826171875;696.940185546875;0;1476.51879882812;126.907073974609;3440.01147460938;43765.875;5573.7080078125;0.0565297715365887;0;0;0;0;0;0;0;0;0;2.55670261383057;0;0;1.2341331243515;0;73.6212005615234;247.643310546875;0;0;0;0;0;0;0.0280650872737169;0;0;0;0;0;20.1949234008789;3.48548698425293;0;0;0;0;0;0;0;0;0;0;0;0;0;0;0;0;0;0;0;0;0.246813327074051;0;298.104766845703;0;0;0;0;0;0;0;0;0;0;0;0;0;0;NA
NA;0;0;0;0;0;0;0;0;0;0;0;0;17.947904586792;0;12.6240978240967;10.1586713790894;17.3578720092773;4.37976408004761;10.7368726730347;0;0;0;100.93546295166;55.2022018432617;11.7831926345825;186.732864379883;272.314636230469;47.432014465332;29.229923248291;6.01085710525513;99.894416809082;42.6200141906738;0;10.6830215454102;73.6282196044922;0;0;0;0;736.88916015625;7992.505859375;13600.8837890625;12776.0009765625;11741.86328125;16995.705078125;21643.3515625;1260.1533203125;3707.94799804688;16927.77734375;17895.654296875;3872.19921875;395.183654785156;1049.77880859375;182.692474365234;10073.16796875;257.242492675781;308.851867675781;244.555191040039;0;770.83935546875;598.714111328125;843.973754882812;395.489501953125;2133.44091796875;550.005737304688;1755.56262207031;18490.3046875;0;0;0;0;0;0;0;0;2.65401554107666;0;8.14658546447754;4.78372764587402;16.5820598602295;0;2.98408079147339;0;97.0476455688477;4.64895915985107;0;0;0;0;4.45307064056396;36.3990325927734;0;0;0;0;0;0;0;0;0;0;0;0;0;0;0;0;0;0;0;0;0;0;0;0;0;0;0;0;0;233.280578613281;81.6395111083984;0;0;0;0;0;0;0;106.866302490234;0;0;0;0;0;0;NA
NA;0;0;0;0;0;0;0;0;0;0;0;8.97417259216309;36.5885810852051;0;9.69755744934082;130.833160400391;0;349.042541503906;0;0;93.1477203369141;209.681091308594;5.19267892837524;294.808685302734;340.809814453125;185.342147827148;234.519927978516;0;21.3737678527832;0;22.8250713348389;6.74876260757446;84.8262481689453;4.77545404434204;0.00501398975029588;0;0;21.6721458435059;0;3675.1044921875;10437.935546875;12877.130859375;12590.341796875;15724.5107421875;24851.01953125;6074.01611328125;12519.353515625;14001.87109375;12751.013671875;207.95361328125;1331.6884765625;1041.61645507812;4599.44287109375;1938.34362792969;8450.681640625;0;0;50.5987663269043;0;1226.5546875;89.3107757568359;115.392753601074;303.758422851562;4501.82763671875;2185.96533203125;143.644271850586;0;0;0;0;0;0;0;0;0;5.95648050308228;0.749243497848511;0;79.1176300048828;3.67211174964905;0;0;0.00156515743583441;0;12.9315710067749;0;0;0;0;0;138.402618408203;0;0;3.33262729644775;0;12.9137573242188;0;0;0;27.203784942627;3.75469517707825;0;0;0;0;0;0;0;0;0;0;0;0;0;0;0;0;0;0;0;0;1378.83923339844;0;293.991790771484;0;0;0;0;0;0;0;0;0;0;0;0;NA
NA;0;0;0;0;0;0;0;0;0;0;0;0;0;13.829517364502;92.8816986083984;127.142456054688;474.049011230469;45.8002395629883;82.6528701782227;46.3434104919434;70.8308792114258;104.009910583496;79.2367935180664;380.968841552734;129.084411621094;41.3025817871094;0;0;22.0352077484131;3.56587600708008;464.71728515625;440.144958496094;17.4836959838867;0;169.617401123047;213.366592407227;21.2124404907227;0;531.488647460938;4927.517578125;3063.75610351562;7060.7900390625;5403.15966796875;9121.6884765625;13412.001953125;20484.685546875;20350.611328125;5046.466796875;125.40535736084;2224.53735351562;3983.20263671875;862.459045410156;3414.19409179688;5552.9814453125;7409.583984375;0;0;0;260.855865478516;44.4908447265625;0;34.731575012207;60.8365936279297;247.293441772461;30.8442630767822;0;0;0;0;0;0;0;0;35.674201965332;49.197135925293;106.949859619141;1.47303354740143;0;19.3750629425049;29.9435539245605;0;0.393285065889359;0;0.976703882217407;32.7334594726562;7.41975975036621;4.18158721923828;0;0;0;0;0;0;0;5.6953387260437;0;0;118.1298828125;78.5836563110352;0;0;0;0;0;0;0;0;0;0;0;0;0;0;0;0;0;0;0;0;0;0;0;48.5905685424805;185.871459960938;0;0;0;0;0;0;0;0;0;0;0;0;NA
NA;0;0;0;0;0;0;0;0;0;0;0;9.70863342285156;12.408483505249;83.5931625366211;93.2855834960938;107.739585876465;427.607452392578;89.5084762573242;98.1628265380859;0;77.885139465332;311.309936523438;18.2209606170654;39.8354225158691;0;0;0;0;141.984848022461;986.026245117188;81.0487213134766;2.30123853683472;0;1.2398453950882;946.633666992188;1564.08728027344;42.3406639099121;405.984252929688;568.29296875;822.519470214844;1065.03833007812;3792.6435546875;3279.92504882812;14155.314453125;24204.75390625;22641.740234375;5012.15185546875;3430.02001953125;2242.51684570312;7802.27197265625;5170.052734375;112.768463134766;11668.0146484375;11322.5537109375;334.368835449219;0;0;0;0;0;0;0;0;0;0;0;0;0;0;0;0;0;0;22.7929382324219;12.5348682403564;0;0;0;10.4100637435913;0;0;0;0;0;2.0148663520813;0;0;0;0;0;0;0;0;0;0;3.79111385345459;127.671859741211;0;1.12853968143463;0;0;0;0;0;0;0;0;0;0;0;0;0;0;0;0;0;0;0;0;0;0;0;0;0;204.79264831543;0;0;0;0;0;0;0;0;0;0;0;NA
NA;360.721008300781;112.907318115234;4.22872972488403;0;0;0;0;0;0;0;0;147.499176025391;0.996118247509003;0;148.770965576172;398.847686767578;0;28.2297229766846;0;640.380310058594;0;207.062408447266;20.7793979644775;23.1382026672363;0;0;0;235.871459960938;267.507995605469;34.8179740905762;139.918243408203;2.7855007648468;0;6.89624643325806;36.4693603515625;454.100524902344;61.5339813232422;1130.42565917969;5485.4521484375;6472.72802734375;9372.88671875;9176.697265625;13338.970703125;14368.8291015625;19660.005859375;14446.2021484375;3848.59741210938;1194.79931640625;9185.9541015625;625.896911621094;7171.4111328125;100.761154174805;8372.0107421875;0;0;0;787.817810058594;89.4401779174805;0;0;0;0;0;0;0;0;0;0;0;0;0;0;0;0;0;5.25627756118774;0;0;0;0;0;0;0;6.24646902084351;0;0.941225230693817;3.75515484809875;0;0;0;0;0;4.28007507324219;91.7322845458984;65.6763763427734;294.415863037109;184.575988769531;0;0;0;0;0;0;0;0;0;0;0;0;77.3823852539062;0;0;0;0;0;0;0;0;0;0;0;0;0;0;49.3339538574219;688.990600585938;149.071487426758;0;0;0;0;0;0;0;0;0;NA
NA;5.39608526229858;0;0;0;0;0;0;0;0;0;0;0;0;16.9788970947266;3.49711036682129;0;25.6811275482178;310.153930664062;100.036727905273;23.3047943115234;27.1541004180908;1166.24951171875;0.403509974479675;22.4369373321533;0;103.921447753906;27.3608016967773;5.07545757293701;13.9734354019165;40.0447158813477;0;0;2480.24365234375;2.15797424316406;0;91.0191116333008;280.956665039062;2012.7607421875;2040.02429199219;6057.66259765625;7246.4365234375;9972.4423828125;14150.2802734375;16605.10546875;16547.244140625;10766.5048828125;2192.8447265625;3814.02221679688;3740.2744140625;11776.90234375;0;0;0;0;0;0;5112.83447265625;1471.32775878906;0;0;0;0;0;0;0;0;0;0;5.73507976531982;1.55803990364075;0;81.9718246459961;0;0;0;0;0;0;0;0;0;0;0;0;0;4.5286340713501;0;0;0;0;0;5.01827716827393;15.4091491699219;0;0;434.739562988281;9.80808639526367;0;0;0;0;0;80.5211639404297;349.644439697266;0;0;0;0;1884.3505859375;0;0;0;0;0;0;0;0;0;0;0;0;0;0;0;749.744812011719;67.8719863891602;137.633682250977;0;0;0;0;0;0;0;0;0;NA
NA;0;0;0;0;0;0;0;0;0;0;0;21.7490100860596;35.7722396850586;34.3041572570801;0;88.5099182128906;54.9742813110352;251.478729248047;10.3276395797729;40.6592597961426;72.7714767456055;21.3801307678223;0;0;34.0054588317871;0;69.1654357910156;30.2272720336914;66.9272079467773;0;0;512.875305175781;1588.80078125;0;0;0;2315.86547851562;4.23342943191528;4682.251953125;8305.267578125;11147.8486328125;14631.6044921875;11774.4873046875;16418.462890625;13897.986328125;911.210510253906;2760.21826171875;5468.4296875;9728.30859375;1616.0087890625;0;0;0;0;0;1593.47155761719;3288.84521484375;0;0;0;0;0;0;0;0;0;2.09317111968994;0;0;0;0;0.413982272148132;0;0;4.77833366394043;0;0;0;0;0;0;0;0;0;0;0;0;0;0;1.50848174095154;61.6774291992188;3.00092935562134;0;0;45.2324371337891;0;0;511.670349121094;0;0;0;0;10.8175992965698;148.314453125;0;1.63298833370209;0;0;0;0;0;0;0;0;0;0;0;0;0;0;0;0;0;0;0;0;0;0;0;0;0;0;0;0;0;0;NA
NA;0;0;0;0;0;0;0;0;0;0;59.8005142211914;42.4822082519531;36.8950538635254;0;54.1832656860352;624.193298339844;49.7139625549316;122.374214172363;30.9852390289307;32.7021713256836;123.616310119629;44.8525466918945;0;13.7325077056885;0;6.27924919128418;142.271026611328;0;0;0;0;0;0;0;157.188674926758;293.591888427734;0;1146.79357910156;7718.5810546875;14111.1435546875;13963.7099609375;16649.783203125;15711.69921875;14982.0751953125;3042.31201171875;24477.349609375;21882.65625;9370.0380859375;10769.9404296875;0;0;0;0;0;0;0;0;0;0;0;0;0;0;0;3.9755334854126;0;0;0;0;0;1.39693737030029;13.9474220275879;0;0;0;0.0834330841898918;0.000388770917197689;1.06017923355103;0;0;0;0;0;0;0;0;0;24.0934982299805;0;9.8177318572998;0;0;0;0;0;0;0;329.386505126953;0;0;164.737915039062;0;0.545648694038391;0;0;0;0;0;0;0;0;0;0;0;0;0;0;0;0;0;0;0;0;0;0;300.356079101562;249.005920410156;0;0;0;0;0;0;0;0;0;NA
NA;0;0;0;0;0;0;51.749755859375;0;0;0;37.9328308105469;0.968448996543884;45.047779083252;30.5878944396973;0;0;5.5061731338501;37.6578712463379;171.894607543945;6.69123125076294;0;0;0.502239227294922;0;30.190990447998;0;3.78296327590942;0;0;0;0;479.0048828125;473.081634521484;0;1667.17553710938;62.7232704162598;611.703369140625;7840.98583984375;11386.953125;12887.767578125;12404.189453125;13495.0712890625;13522.8017578125;8648.2021484375;55590.23828125;31772.001953125;9260.5068359375;347.232055664062;0;0;0;0;0;0;0;0;0;0;0;0;13.4800691604614;0;0;0;0;0;0;0;0;0;0;12.28431224823;0;4.2081503868103;0;0;0;0;0;0;0;0;0;0;0;0;0;0;91.0385055541992;0;0;0;0;0;0;0;0;0;0;0;0;0;0;0;0;8.32986354827881;0;0;0;0;0;0;0;0;0;0;0;0;0;0;0;0;0;0;0;1246.8515625;107.380615234375;1036.09753417969;0;0;0;0;0;0;0;0;NA
NA;0;0;0;0;0;15.6669034957886;0;0;0;104.201110839844;22.3209972381592;136.176147460938;18.2640266418457;16.2275371551514;19.8828754425049;5.96668291091919;0;109.213577270508;73.9038772583008;0;1.98464918136597;39.1868095397949;3.82612800598145;89.5037231445312;23.6263427734375;334.578643798828;0;10.7390470504761;0;32.581974029541;64.5068740844727;48.518726348877;0;2415.68359375;1774.26354980469;0;7941.01708984375;5735.0712890625;2801.72216796875;3514.20556640625;9497.77734375;7307.1982421875;427.293273925781;11046.96875;2231.14477539062;0;0;0;0;0;0;0;0;0;0;0;0;0;0;0;4.66912174224854;0;0;0;0;0;0;0;0;7.79686260223389;1.70539665222168;0;97.7714538574219;0;0;0;0;0;0;0;0;0;0;0;0;0;0;0;0;0;0;0;0;1503.54772949219;0;0;0;0;0;0;0;0;0;0;281.576293945312;0;0;0;0;0;0;0;0;0;0;0;0;0;0;0;0;0;0;0;0;96.5811004638672;984.997314453125;305.320892333984;0;0;0;0;0;0;0;0;NA
NA;0;0;0;0;0;0;0;0;0;387.309478759766;31.1279754638672;18.477560043335;28.9063606262207;8.28192806243896;0;0;0;0;0;86.4769744873047;8.73446941375732;8.84065818786621;12.4150876998901;33.986988067627;20.1172733306885;0;285.254852294922;0;0;0;7.94426107406616;0;672.110046386719;0;0;2255.76123046875;2902.47705078125;560.329528808594;2186.51977539062;2135.6689453125;4652.35595703125;915.511291503906;0;0;0;0;0;0;0;0;0;0;0;0;0;0;0;0;0;0;0;0;1.34799087047577;1.99682509899139;0;0;0;0;12.0694961547852;0.951162278652191;7.20881462097168;40.1530151367188;0;0;0;0;0.210930377244949;0;0;0;0;0;0;0;0;0;0;0;0;0;0;0;494.308349609375;0;0;0;0;82.3865814208984;0;0;0;0;0;0;0;0;0;0;0;0;0;0;0;0;0;0;0;0;0;0;0;0;0;0;0;0;828.86962890625;51.6729698181152;0;0;0;0;0;0;0;0;NA
NA;0;0;0;120.342880249023;83.3472442626953;0;16.5444164276123;30.4338912963867;0;0;52.5115585327148;9.50098323822021;2.55715560913086;68.9273986816406;53.2303810119629;38.6910667419434;62.8896217346191;0;0;0;5.91832494735718;30.5626945495605;0;3.84202933311462;22.8638286590576;0;0;0;0;0;0;0;0;0;0;1494.3935546875;980.652282714844;1182.27648925781;2602.20239257812;20.4903812408447;35.5646858215332;0;0;0;0;0;0;0;0;0;0;0;0;0;0;0;0;0;0;0;0;1.4463906288147;1.43984115123749;0;0;0;0;1.59723925590515;3.83880090713501;0;12.8665809631348;0;0;0;0;10.8796796798706;8.90502071380615;0;0;0;0;0;0;0;0;0;0;0;0;0;0;288.842926025391;16.1837539672852;0;0;0;0;0;0;0;0;0;0;0;0;0;0;0;0;0;0;0;0;0;0;0;0;0;0;0;0;0;0;0;0;0;554.9169921875;4.79510879516602;0;0;0;0;0;0;0;0;NA
NA;0;0;0;146.575973510742;7.36687660217285;9.75750923156738;341.563232421875;1.69274830818176;0;29.3174228668213;7.83516454696655;0;23.0862159729004;0;0;103.030181884766;10.1570196151733;0;0;28.8067188262939;5.61426544189453;0;0;50.850341796875;0;0;0;0;0;10.7072124481201;0;11.7079296112061;199.604461669922;0;0;71.9078369140625;299.196136474609;581.75830078125;187.316360473633;0;0;0;0;0;0;0;0;0;0;0;0;0;0;0;0;0;0;0;0;0;0;7.0800313949585;0;0;0;0;44.086597442627;0;6.0514063835144;24.3406925201416;10.366081237793;0;0;0;0;0;0;0;0;0;0;0;0;0;0;0;0;0;0;0;676.816162109375;0;0;0;0;0;0;0;0;0;0;0;0;0;0;0;0;0;0;0;0;0;0;0;0;0;0;0;0;0;0;0;0;0;0;0;605.308227539062;3.15222454071045;0;0;0;0;0;0;0;0;NA
NA;158.809936523438;444.015747070312;285.034545898438;326.926025390625;265.340087890625;61.2758865356445;16.9778881072998;0;0;0;0;0;0;0;0;0;0;20.3682994842529;0;0;0;0;0;0;0;0;0;0;0;22.7654838562012;4.96160268783569;11.4987154006958;0.689163208007812;0;0;0;0;0;0;0;0;0;0;0;0;0;0;0;0;0;0;0;0;0;0;0;0;0;0;0;0;0;0;0;31.7713623046875;48.6601676940918;0;0;9.37832260131836;6.56305408477783;0;0;0;0;0;0;0;0;0;0;0;0;0;0;0;0;0;1893.93212890625;813.2421875;0;0;0;0;0;0;0;0;0;0;90.9513092041016;0;0;0;0;0;0;0;0;0;0;0;0;0;0;0;0;0;0;0;0;0;0;0;0;0;0;1470.02221679688;343.759857177734;24.946834564209;0;0;0;0;0;0;0;NA
NA;130.890777587891;1110.85986328125;1374.67028808594;269.727294921875;14.6650743484497;0.776374399662018;46.3182678222656;0;65.4184036254883;0;0;0;0;2.73795318603516;57.9180870056152;72.971076965332;91.3686141967773;0;0;0;0;0;0;0;0;0;0;29.3768768310547;123.730667114258;3.66010403633118;0;22.3632678985596;0;0;0;0;0;0;0;0;0;0;0;0;0;0;0;0;0;0;7.77523756027222;17.0239677429199;0;0;0;0;0;0;0;0;0;20.793815612793;0;0;0.668493986129761;0;0;0;0;0;0;0;0;0;0;0;0;0;0;0;0;0;0;0;0;0;997.3984375;1273.58129882812;4.42642545700073;0;0;0;0;0;0;0;0;0;0;0;0;0;0;0;0;0;0;0;0;0;0;0;0;0;0;0;0;0;0;0;0;0;0;0;0;0;0;62.1602897644043;0;0;0;0;0;0;0;0;NA
NA;5772.5361328125;2960.734375;293.459899902344;11.5115165710449;2.5346040725708;0;0;85.2871170043945;0;0;0;0;0;0;42.8163833618164;0;0;0;0;0;0;0;0;0;0;0;41.4296340942383;134.080947875977;0;0;6.93315458297729;0;0;0;0;0;0;0;0;0;0;0;0;0;0;0;0;0;0;0;0;0;0;0;0;0;7.95849132537842;0;0;0;1.80056500434875;0;0;0;0;45.0893783569336;9.8477954864502;0;0;0;0;0;0;0;0;0;0;0;0;0;0;0;0;0;0;0;393.054534912109;0;0;0;0;0;0;0;0;0;0;0;0;0;0;0;0;0;0;0;0;0;0;0;0;0;0;0;0;0;0;0;0;0;0;0;0;0;0;0;3316.23583984375;532.470336914062;0;0;0;0;0;0;0;0;NA
NA;3003.69580078125;161.426940917969;238.611846923828;325.957885742188;0;0;0;5.70424461364746;0;0;0;160.812545776367;0.344787240028381;0;10.3098297119141;27.4041862487793;20.8460140228271;11.7662982940674;0;0;0;0;0;0;0;0;0.285702377557755;0;63.4838027954102;0;33.4769439697266;0;0;0;0;0;0;0;0;0;0;0;0;0;0;0;0;0;0;0;0;3.84430480003357;0;0;0;0;0;0;0;0;30.5323162078857;0;0;0;1.54820466041565;87.1195755004883;34.3682670593262;0;0;0;0;0;0;0;0;0;0;0;0;0;0;0;0;0;0;0;0;0;0;0;0;0;0;0;0;843.608520507812;0;0;0;0;0;0;0;0;0;0;0;0;0;0;0;0;0;0;0;0;0;0;0;0;0;0;0;0;0;6.39211654663086;20990.572265625;0;0;0;0;0;0;0;0;0;NA
NA;0;0;22.8861656188965;0;0;74.2591171264648;0;0;0;0;62.5247421264648;986.852294921875;0;0;0;51.9483757019043;0;8.54530715942383;0;0;0;0;0;0;2.55045199394226;4.40525674819946;0;0;7.39894342422485;11.39879322052;0;0;0;0;0;0;0;0;0;0;0;0;0;0;0;0;0;0;0;0;74.8114471435547;0;0.111435510218143;0;0;4.84683561325073;0;0;10.4899034500122;0;0;0;0;0;0;11.8424634933472;0;0;0;2.49708914756775;0;0;0;0;0;0;0;0;0;0;0;0;0;0;0;0;0;0;0;0;0;0;0;0;0;0;0;0;0;0;0;0;0;0;0;0;0;0;0;0;0;0;0;0;0;0;0;0;0;0;0;0;0;0;0;3694.509765625;191.337432861328;0;0;0;0;0;0;0;0;0;NA
NA;0;0;17.6078796386719;0;0;0;0;34.3482055664062;0;0;128.929656982422;0;0;62.6626319885254;0;0;0;0;0;0;0;6.06320381164551;26.9139289855957;0;0;0;0;75.5576095581055;0;3.29415011405945;0;0;0;0;0;0;0;0;0;0;0;0;0;0;0;0;0;0;0;0;16.4585990905762;52.6232681274414;0;0.261611700057983;1.2799186706543;0;0;1.18952345848083;0;0;0;0;0;0;0;0;0;0;0;3.35003066062927;0;0;0;0;0;0;0;0;0;0;0;0;0;0;0;0;0;0;0;0;0;0;0;0;0;0;0;0;0;0;0;0;0;0;0;0;0;0;0;0;0;0;0;0;0;0;0;0;0;0;0;906.383117675781;191.234909057617;0;0;1392.33654785156;0;0;0;0;0;0;0;0;0;0;NA
NA;0;0;63.6469879150391;0;0;0;0;0;0;0;0;81.4592437744141;22.3457069396973;86.5534210205078;0;0;0;0;0;0;0;0;33.602466583252;0;0;0;9.83354949951172;0;0;0;0;0;0;0;0;0;0;0;0;0;0;0;0;0;0;0;0;0;0;12.018726348877;0;8.4552116394043;0;1.87997698783875;0;0;5.0936541557312;5.220374584198;0;0;0;0;0;0;0;0;0;0;0;0;0;0;0;0;0;0;0;0;0;0;0;0;0;0;0;0;0;0;0;0;0;0;0;0;0;176.937515258789;0;0;0;0;0;0;0;0;0;0;0;0;0;0;0;0;0;0;0;0;0;0;0;0;0;491.200073242188;60.9979248046875;0;617.779235839844;0;0;0;0;0;0;0;0;0;0;0;NA
NA;340.264892578125;0;0;0;0;0;85.7309188842773;0;0;0;0;0;20.1657066345215;330.727813720703;0;0;0;0;0;9.53663730621338;0;0;0;0;32.4092178344727;0;4.03235387802124;0;0;0;0;0;0;0;0;0;0;0;0;0;0;0;0;0;0;0;0;0;2.96574401855469;0;0;0;0;0;0;0;0;31.9734630584717;0;0;0;0;0;0;0;0;0;0;0;0;0;0;0;0;0;0;0;0;0;0;0;0;0;0;0;0;0;2.8249716758728;0;0;0;0;0;0;347.456726074219;706.239624023438;21.3784828186035;0;0;0;0;0;0;0;0;0;0;0;0;0;0;0;0;0;0;0;0;0;0;0;64.9279479980469;1409.49597167969;0;0;0;0;0;0;0;0;0;0;0;0;0;0;NA
NA;0;0;0;0;0;117.994293212891;0;0;135.624572753906;0;67.3860321044922;0;438.076690673828;0;0;0;0;10.7480163574219;0;0;0;0;0;53.4114227294922;0;0;0;161.240966796875;134.41423034668;0;0;0;0;0;0;0;0;0;0;0;0;0;0;0;0;0;0;0;0;0;0;0;32.1365203857422;0;1.88466596603394;0;13.1152019500732;0;0;0;0;0;0;0;0;0;0;0;0;0;0;0;0;0;0;0;0;0;0;0;0;0;0;0;0;0;0;0;0;0;0;12618.31640625;57.5295867919922;161.706756591797;980.749755859375;147.083129882812;283.291381835938;28.3068180084229;0;0;0;0;0;0;0;0;0;0;0;0;0;0;0;0;0;0;0;0;0;0;0;0;0;0;0;0;0;0;0;0;0;0;0;0;0;0;NA
NA;58.967945098877;95.3553848266602;0;75.5863876342773;0;0;0;0;0;0;14.0944328308105;47.5079612731934;0;0;0;0;0;0;3.21341276168823;23.8540153503418;6.53536939620972;0;20.9977016448975;272.241912841797;4.33810186386108;0;18.0371952056885;39.3152542114258;56.1244316101074;0;0;0;0;0;0;0;0;0;0;0;0;0;0;0;0;0;0;0;0;0;27.7833919525146;13.206916809082;11.2370262145996;0;0.65626585483551;0.644758820533752;0;0;0;0;0;0;0;0;0;0;0;0;0;0;0;0;0;0;0;0;0;0;0;0;162.757629394531;0;0;0;0;0;0;0;0;0;998.20458984375;3762.66137695312;376.271179199219;946.715698242188;76.4970626831055;0;75.9753112792969;0;205.638061523438;45.8771820068359;0;20.1608562469482;0;0;0;0;0;0;0;0;0;0;0;0;0;0;0;0;0;0;0;0;0;0;0;0;0;0;0;0;0;214.727096557617;0;0;0;0;NA
NA;45.6674499511719;0;371.120849609375;0;0.324723690748215;393.6015625;0;0;86.4388732910156;14.7828350067139;107.142883300781;0;0;0;0;0;0;0;0;0;0;69.6419448852539;142.141876220703;34.9635429382324;5.25097608566284;0;32.5217475891113;0;0;0;0;0;0;0;0;0;0;0;0;0;0;0;0;0;0;0;0;0;9.90800285339355;1.87312960624695;2.45702624320984;0;0;0;0;0;0;0;0;0;0;0;0;0;0;0;0;0;0;0;0;0;0;0;34.0491905212402;0;0;0;0;277.186462402344;0;0;0;0;0;0;6.17613697052002;0;0;0;0;8.42931747436523;5732.6923828125;431.409118652344;1748.53820800781;867.985290527344;1000.64733886719;672.699157714844;290.378021240234;0;0;716.413269042969;3.92423224449158;0;0;0;0;0;0;0;0;0;78.3531494140625;0;0;0;0;88.8653564453125;0;0;0;0;0;0;0;0;0;0;0;0;2590.87841796875;0;0;0;0;0;NA
NA;0;0;0;0;48.2526092529297;173.701202392578;0;81.0944519042969;0;0;0;0;0;0;0;87.5356216430664;0;128.288696289062;0;0;16.5196132659912;5.71714878082275;0;11.2379560470581;0;0;0;0;0;0;0;0;0;0;0;0;0;0;0;0;0;0;0;0;0;50.5711898803711;177.690689086914;0;2.41693639755249;0;0;0;0;0;0;0;0;0;0;0;0;0;0;0;0;0;0;0;62.8843002319336;282.935821533203;0;0;0;1129.35046386719;90.1767044067383;0;0;0;0;0;0;0;0;0;0;0;0;0;0;0;0;47.5315361022949;356.739166259766;1513.46508789062;2730.05297851562;6911.7099609375;5998.0224609375;2565.431640625;583.770385742188;1778.32153320312;984.199768066406;1128.17553710938;607.656982421875;0;0;0;0;0;0;0;0;0;0;0;0;0;0;0;0;0;0;0;0;0;0;0;0;0;0;0;0;0;0;0;0;0;NA
NA;0;0;0;78.7789611816406;69.6982727050781;0;0;0;16.0897064208984;0;0;0;0;0;51.750617980957;210.146789550781;252.324020385742;17.2147274017334;0;0;0;0;0;0;0;0;0;0;0;0;0;0;0;0;0;0;0;0;0;0;0;0;0;66.4630432128906;0;0;317.426879882812;0;0;0;0;0;0;0;0;0;0;0;0;0;0;0;0;0;23.0261249542236;0;0;0;0;0;0;3153.22290039062;527.027404785156;0;0;0;0;0;0;0;0;0;0;0;0;0;0;0;0;892.256286621094;1472.60974121094;358.161071777344;1340.88024902344;4373.78759765625;225.820297241211;8135.5966796875;10193.6904296875;4539.96044921875;3898.05322265625;794.532592773438;0;143.564483642578;0;0;0;0;0;0;0;0;0;0;0;0;0;0;0;0;0;0;0;0;0;0;0;0;0;0;0;0;0;0;0;0;0;0;NA
NA;0;0;99.9812622070312;0;0;22.3912677764893;0;0;0;0;0;0;0;50.3504676818848;1.2806408405304;0;0;0;0;0;0;0;0;0;0;0;0;0;0;0;0;0;0;0;0;0;0;0;0;0;0;0;2.74387550354004;0;0;4.21528387069702;0;0;0;0;0;0;0;0;0;0;0;0;0;0;0;0;0;0;0;0;0;0;0;0;130.73942565918;0;0;0;0;0;0;0;0;0;0;0;0;0;0;0;0;0;262.104339599609;851.038391113281;1041.0390625;1094.25769042969;1106.12109375;3511.86108398438;9997.646484375;11478.7890625;8704.5966796875;4254.83349609375;1089.76635742188;7.98485994338989;2.10948586463928;0;0;0;0;0;0;0;0;0;0;0;0;0;0;0;0;0;0;0;0;0;0;0;0;0;0;0;0;0;0;0;0;0;0;0;NA
NA;0;124.268920898438;3.89892101287842;0;0;0;0;0;0;0;0;0;0;87.9961090087891;0;0;0;0;0;0;0;0;2.04721856117249;0;35.765998840332;43.3992233276367;0;0;0;0;61.9394836425781;92.1319046020508;4.23467636108398;0;0;0;0;0;0;0;0;0;0;0;0;0;236.066146850586;0;0;0;0;0;0;0;0;0;0;0;0;0;0;0;0;0;0;0;0;131.884780883789;237.65837097168;0;0;0;13.3093118667603;0;0;0;0;0;0;0;0;0;0;0;0;0;0;12.1799087524414;86.8875579833984;14.6129589080811;0;319.067718505859;14.588526725769;6269.162109375;7713.33984375;3728.25952148438;1923.72302246094;73.5761337280273;91.3328704833984;107.120635986328;0;0;0;0;0;0;0;0;0;0;0;0;0;0;0;0;0;113.049301147461;0;0;0;0;39.2786445617676;288.774444580078;0;0;0;0;0;0;0;0;0;0;0;0;NA
NA;0;0;0;0;0;0;0;0;0;0;0;108.629669189453;0;0;0;0;0;0;0;0;0;5.71686172485352;57.3379592895508;23.1520385742188;253.975021362305;0;161.420532226562;0;23.6188850402832;0;25.5033836364746;0;0;0;0;0;0;0;0;0;0;66.3798217773438;0;0;0;4.20950174331665;129.074035644531;0;0;0;0;0;0;0;0;0;0;0;0;0;0;0;0;0;0;0;150.020385742188;503.703887939453;0;0;113.93913269043;0;0;0;0;0;0;0;0;0;0;0;0;0;0;0;0;0;0;0;178.220321655273;12.8583402633667;0;1146.28894042969;497.998260498047;115.995796203613;95.6809234619141;452.889526367188;1.56907629966736;392.544799804688;0;0;0;0;0;0;0;0;0;0;0;0;0;0;0;0;0;0;0;0;0;0;230.492797851562;75.6966171264648;490.802673339844;0;0;0;0;0;0;0;0;0;0;0;NA
NA;0;0;0;0;0;0;0;0;0;0;38.3345413208008;14.7569980621338;0;0;0;0;0;0;0;12.0185995101929;82.6645431518555;96.2182006835938;0;0;44.2170944213867;12.0225067138672;0;1.22928416728973;0;4.18881750106812;0;0;0;0;0;0;0;0;0;0;7.54805278778076;0;0;19.7277984619141;0;46.0028915405273;16.5918369293213;0;0;0;0;0;0;0;0;0;0;0;0;0;0;0;0;0;0;97.7301940917969;247.671646118164;0;0;0;0;0;0;0;0;0;0;0;0;0;0;0;0;0;0;0;0;0;0;0;41.3617248535156;0;18.4927959442139;21.6244411468506;37.6748962402344;0;0;0;311.392181396484;216.298400878906;0;0;0;0;0;0;5.22426652908325;0;0;0;0;0;0;0;0;0;0;0;0;0;0;0;445.19580078125;0;0;0;0;0;0;0;0;0;0;0;0;0;NA
NA;0;0;0;0;0;0;0;0;0;0;93.8600845336914;0;0;0;0;0;0;0;0;131.194473266602;115.084426879883;8.999680519104;0;0;8.28048801422119;0.0169500075280666;0.715834558010101;1.34910941123962;3.705815076828;21.2164974212646;0;0;0;0;0;0;0;0;0;0;55.9211692810059;35.6912994384766;30.7620639801025;133.94743347168;0;0;0;0;0;0;0;0;0;0;0;0;0;0;0;0;0;0;0;0;0;0;0;0;0;0;0;0;0;0;0;0;0;0;0;0;0;0;0;0;0;0;0;0;0;0;0;0;16.8329944610596;0;0;0;0;7.59942102432251;252.591674804688;6.05780982971191;8.49588966369629;0;0;0;0;0;81.2317428588867;0;0;0;0;0;0;0;0;0;0;0;0;0;0;0;0;0;0;0;0;0;0;0;0;0;0;0;0;0;NA
NA;0;0;0;0;0;0;0;0;0;0;0;0;0;0;0;5.72613525390625;23.7532272338867;37.0794296264648;230.898651123047;327.629669189453;36.2248725891113;0;0;0;0.00291676400229335;22.9251613616943;0;0;0;0;0;0;0;0;0;0;0;0;0;0;0;0;16.8350601196289;0;0;0;0;0;0;0;0;0;0;0;0;0;0;0;0;0;0;0;0;0;0;0;0;0;47.6710929870605;0;0;0;0;0;0;0;0;0;0;0;0;0;0;0;0;0;0;0;0;0;0;0;0;0;23.6970653533936;149.112777709961;0;0;0;0;0;0;0;0;0;0;79.1557006835938;0;0.108427174389362;0;0;7.93029880523682;0;0;0;0;0;0;0;0;0;0;0;0;0;0;0;0;0;0;0;0;0;0;0;0;NA
NA;NA;0;0;0;0;0;29.338939666748;0;80.8604888916016;0;0;0;0;0;0;4.85090732574463;36.5379371643066;84.0537872314453;58.2419319152832;0;0;0;0;0;0;0;0;0;0;0;0;0;0;0;0;0;0;0;0;0;0;0;0;0;0;0;0;0;0;0;0;0;0;0;0;0;0;45.6630973815918;0;0;0;0;0;0;0;0;0;0;0;0;0;0;0;0;0;0;0;0;0;0;0;0;0;0;0;0;0;0;0;0;0;0;0;0;0;0;0;0;0;0;0;0;0;0;4.79247093200684;113.192070007324;2.06685256958008;0;0;0;18.4403400421143;0;0;0;0;0;0;0;0;0;0;0;0;0;0;0;0;0;0;0;0;0;0;0;0;0;NA
NA;NA;0;0;0;0;9.00803756713867;357.409851074219;542.895812988281;0;0;0;0;0;0;0;0;0;0;0;0;0;0;0;0;0;0;0;0;0;0;0;0;0;0;0;0;0;0;0;0;0;0;0;0;0;0;0;0;0;0;0;0;0;0;0;0;0;0;0;0;0;196.973709106445;0;0;0;577.250610351562;0;0;0;0;0;0;0;0;0;0;0;0;0;0;0;0;0;0;0;0;0;0;0;0;0;0;0;0;0;0;0;0;0;0;0;0;0;0;0;0;0;0;61.0405654907227;78.6487884521484;0;0;0;0;0;0;0;0;0;0;0;0;0;1.67694246768951;58.2810020446777;0;0;0;0;0;0;0;0;0;70.7031326293945;0;NA
NA;NA;NA;NA;17.7342281341553;1.49847710132599;0;0;0;0;0;0;0;0;0;0;0;0;0;0;0;0;0;0;0;0;0;0;0;0;0;0;0;0;0;0;0;0;0;3.93690490722656;0;0;0;0;0;0;0;0;0;0;0;0;0;0;0;0;0;0;0;0;0;287.176025390625;0;957.33935546875;0;0;0;1415.27331542969;0;0;0;0;0;0;0;0;0;0;0;0;0;0;0;0;0;0;0;0;0;0;0;0;0;0;0;0;0;0;0;0;0;0;0;0;0;0;0;0;0;0;0;0;0;0;0;0;0;0;0;0;0;0;0;0;1988.3681640625;0;0;0;0;0;0;0;0;0;0;0;0;NA
NA;NA;NA;NA;NA;NA;NA;0;0;0;0;0;0;0;NA;NA;NA;0;0;0;NA;0;0;0;0;0;0;0;0;0;0;0;0;0;0;0;0;0;0;24.691930770874;0;0;0;0;0;0;0;0;0;0;0;0;0;0;0;0;0;0;0;0;872.068298339844;0;0;0;0;46.6590843200684;98.011100769043;206.164199829102;0;0;0;0;0;0;0;0;0;0;0;0;0;0;0;0;0;0;0;0;0;0;0;0;0;7.39245223999023;97.9896469116211;1.6883373260498;59.7760925292969;182.135894775391;0;0;0;0;0;0;0;0;0;336.538818359375;0;0;0;0;0;0;0;0;0;0;0;0;0;0;0;0;0;0;0;0;0;0;0;0;0;0;0;0;0;NA
NA;NA;NA;NA;NA;NA;NA;NA;NA;NA;NA;NA;NA;NA;NA;NA;NA;0;0;0;NA;NA;NA;0;0;0;0;0;0;0;0;0;0;0;0;0;0;0;0;0;0;0;4.19471597671509;0;0;0;0;0;0;0;0;0;0;0;0;0;0;0;0;0;302.571502685547;0;0;0;849.776916503906;0;0;0;0;0;0;0;0;0;0;0;0;0;0;0;0;0;0;0;0;0;0;0;0;0;0;0;0;26.9869537353516;79.7675933837891;56.7117080688477;0;0;0;0;0;0;0;0;0;0;0;0;0;0;0;0;0;0;0;0;0;0;0;0;0;0;0;0;0;0;0;0;0;0;0;0;0;0;0;0;0;NA
NA;NA;NA;NA;NA;NA;NA;NA;NA;NA;NA;NA;NA;NA;NA;NA;NA;NA;NA;NA;NA;NA;NA;NA;0;0;0;0;0;0;0;0;0;0;0;0;0;0;0;0;0;0;0;0;0;0;0;0;0;0;0;862.532104492188;0;0;0;0;0;0;0;0;0;0;0;558.718078613281;0;0;0;0;0;0;0;11.5347394943237;0;0;0;0;0;0;0;0;0;0;0;0;0;0;0;0;0;0.0655377060174942;0;0;0;0;0;0;0;0;0;0;0;0;0;0;0;0;0;0;0;0;0;0;0;0;0;0;0;0;0;0;0;80.4878540039062;0;40.5220375061035;0;0;0;0;0;0;0;0;0;0;0;0;0;NA
NA;NA;NA;0;0;0;NA;NA;NA;NA;NA;NA;NA;NA;NA;NA;NA;NA;NA;NA;NA;NA;NA;NA;NA;NA;0;0;0;0;0;0;0;0;0;0;0;0;0;0;0;0;0;0;0;0;0;0;0;0;0;0;0;0;0;0;0;0;0;0;0;0;361.832855224609;182.767013549805;0;0;0;0;0;0;0;0;0;0;0;0;0;0;0;0;0;0;0;0;0;0;0;0;0;0;0;0;0;0;0;0;0;0;0;0;0;0;0;0;0;0;0;0;0;0;0;0;0;0;0;0;0;0;0;0;0;0;59.9919548034668;0;0;0;0;0;0;0;0;0;0;0;0;0;0;NA
NA;0;0;0;0;0;0;0;0;NA;NA;NA;NA;NA;0;0;0;NA;NA;NA;NA;NA;NA;NA;NA;NA;NA;0;0;0;0;0;0;40.7093887329102;1.97372078895569;0;0;0;0;0;0;0;0;0;0;0;0;0;0;0;0;0;0;0;0;0;0;0;0;54.6561508178711;0;0;787.831787109375;0;0;0;0;0;0;0;0;0;0;0;0;0;0;76.7936630249023;0;0;0;0;0;0;0;0;0;0;3.80925750732422;0;0;0;0;0;0;0;0;0;0;0;0;0;0;0;0;0;0;0;0;0;0;0;0;0;0;0;0;0;0;0;0;0;0;28.1827011108398;0;0;0;0;0;0;0;0;0;78.2195587158203;0;0;0;NA
NA;0;0;0;0;0;0;0;0;0;NA;NA;NA;0;0;0;0;0;0;0;0;0;0;0;NA;NA;0;0;0;0;0;0;19.7464084625244;164.293914794922;0;0;0;0;0;0;0;0;0;0;0;0;0;0;0;0;0;0;0;0;0;0;0;0;0;0;1587.94384765625;604.69775390625;981.28125;0;0;0;0;0;0;0;0;0;0;0;0;0;0;0;0;0;0;0;0;0;0;0;0;0;0;0;0;0;0;0;0;0;0;0;0;0;0;0;0;38.5792541503906;0;0;0;0;0;0;0;0;0;0;0;0;0;0;0;0;0;0;0;0;0;0;0;0;0;0;0;0;0;0;0;0;312.149749755859;NA
NA;0;0;NA;0;0;0;0;0;0;0;0;0;0;0;0;0;0;0;0;0;0;0;0;0;0;0;0;0;0;39.2087898254395;107.686660766602;101.365417480469;0;0;0;0;0;0;0;0;0;0;0;0;0;0;0;0;0;0;0;0;0;0;0;0;0;0;0;782.302978515625;655.076232910156;0;0;0;0;0;0;0;0;0;0;0;0;0;0;0;0;0;0;394.783386230469;0;0;0;0;22.6480922698975;0;0;0;0;0;0;0;0;0;0;0;0;7.20605611801147;0;0;0;0;0;10.4938774108887;0;0;0;0;0;0;0;0;0;0;0;0;0;0;0;0;0;925.087341308594;0;0;0;334.236541748047;0;0;0;3.17685604095459;0;0;0;0;0;0;NA
NA;NA;NA;NA;NA;NA;NA;0;0;0;0;0;0;0;0;0;0;0;0;0;0;0;0;0;0;0;0;0;0;NA;5.86050176620483;0;0;0;0;0;0;0;0;0;0;96.8185043334961;0;0;0;0;0;0;0;0;0;0;0;0;0;0;0;0;108.973472595215;385.441436767578;1409.01428222656;0;0;0;0;118.302597045898;0;0;0;0;0;0;0;0;0;0;0;0;191.329330444336;211.978698730469;0;0;0;0;125.745834350586;0;0;0;0;0;0;0;0;0;0;0;0;0;0;0;0;0;0;0;0;0;0;0;0;0;0;0;0;0;0;0;0;0;0;0;0;0;872.137939453125;0;0;1692.61596679688;0;0;0;0;0;0;0;0;0;0;0;NA
NA;NA;NA;NA;NA;NA;NA;NA;0;0;0;0;0;0;0;0;0;0;0;0;0;0;0;0;0;0;0;0;48.7153358459473;75.0423278808594;0;0;0;0;0;0;0;0;0;2.7248055934906;38.9911079406738;0;0;0;0;0;0;0;0;0;0;0;0;0;0;0;0;0;5507.5078125;2318.53735351562;899.783630371094;0;0;0;0;0;0;0;0;0;0;0;0;0;0;0;0;0;32.3901443481445;48.4283866882324;248.027770996094;0;0;0;0;0;0;0;0;0;0;0;0;0;0;0;0;0;0;0;0;0;0;0;0;0;0;0;0;0;0;0;0;0;0;0;0;0;0;0;0;0;0;0;0;0;0;0;0;0;0;0;0;0;0;0;0;NA
NA;NA;NA;NA;NA;NA;NA;NA;NA;NA;NA;NA;NA;NA;NA;0;0;0;0;0;0;0;0;0;0;0;0;0;0;0;0;0;0;0;0;0;0;11.1683406829834;449.905242919922;4.87314605712891;0;0;0;0;0;0;0;0;0;0;0;0;0;0;0;0;0;0;4303.35498046875;1569.66064453125;0;103.521286010742;17.7485618591309;140.082458496094;0;0;0;0;0;0;0;0;0;0;0;11.0983581542969;0;0;148.615661621094;75.7757873535156;52.8053932189941;0;0;0;0;0;0;0;0;0;0;0;0;0;0;0;0;0;0;0;0;0;0;0;0;0;0;0;0;0;0;0;0;0;0;0;0;0;0;198.71044921875;0;13.8897409439087;0;0;0;0;0;0;0;0;0;0;0;0;36.7025909423828;0;0;NA
NA;NA;NA;NA;NA;NA;NA;NA;NA;NA;NA;NA;NA;NA;NA;NA;0;0;0;0;0;0;0;0;0;0;0;0;0;0;0;0;0;0;0;0;0;0;0;0;0;0;0;0;0;0;0;0;0;0;0;0;0;0;0;0;0;824.233703613281;533.629821777344;0;129.204345703125;0.809187233448029;0;0;8.50001049041748;0;0;0;0;0;0;0;0;0;20.0752906799316;0;0;0;0;330.213958740234;0;51.2480621337891;4382.23291015625;913.660888671875;147.810592651367;211.896270751953;0;0;0;0;0;0;0;0;0;0;0;0;0;0;0;0;0;0;0;0;0;0;0;0;0;0;0;0;0;0;0;0;0;0;64.9363327026367;4498.22509765625;0;0;0;0;0;0;0;934.415161132812;0;0;0;0;0;0;0;NA
NA;NA;NA;NA;NA;NA;NA;NA;NA;NA;NA;NA;NA;NA;NA;NA;0;0;0;0;0;0;0;0;0;0;0;0;0;0;0;0;0;0;NA;0;0;24.9217433929443;0;0;0;0;0;0;0;0;0;0;0;0;0;0;0;0;0;0;0;0;0;0;364.418701171875;0;0;356.961242675781;0;0;0;0;0;0;0;0;0;0;0;0;0;0;311.305694580078;0;740.110168457031;3285.06689453125;2784.43603515625;295.918640136719;0;0;0;0;0;0;0;0;0;0;0;0;0;0;0;0;0;0;0;0;0;0;0;0;0;0;0;0;0;0;0;0;0;0;0;0;1028.38220214844;0;0;0;0;0;0;0;0;0;191.87776184082;105.905265808105;0;0;0;0;0;NA
NA;NA;NA;NA;NA;NA;NA;NA;NA;NA;NA;NA;NA;NA;0;0;0;0;0;0;0;0;0;0;0;0;0;0;0;0;0;0;0;0;NA;0.0324057154357433;22.9138450622559;0;1.3709192276001;0;0;0;0;0;0;0;0;0;0;0;0;0;0;0;0;0;0;0;0;0;0;0;0;0;4.44548034667969;1.33878672122955;0;0;0;0;0;0;0;0;0;0;0;0;36.2590942382812;174.194473266602;0;0;377.051177978516;125.640228271484;0;0;0;0;0;0;0;0;0;0;0;0;0;0;0;0;0;0;0;0;0;0;0;0;0;0;0;0;0;0;0;0;42.1459465026855;0;0;0;0;0;0;0;0;0;0;0;11.265549659729;0;89.7553176879883;0;12.3740377426147;94.2686386108398;81.5563278198242;0;0;NA
NA;NA;NA;NA;NA;NA;NA;NA;NA;NA;NA;NA;NA;NA;0;0;0;0;0;0;0;0;0;0;0;0;0;0;0;0;0;0;0;139.986541748047;NA;0;0;0;0;0;0;0;0;0;0;0;0;0;0;0;0;0;0;0;0;0;234.420623779297;569.879272460938;28.1373462677002;0;0;0;0;0;0;0;0;0;0;0;0;0;0;0;0;0;0;25.256420135498;0;0;0;0;306.774230957031;310.743957519531;0;0;0;0;0;0;0;0;0;0;0;0;0;0;0;0;0;0;0;0;0;0;0;0;0;16.682825088501;0;0;0;0;0;0;0;0;0;3.06989288330078;0;0;0;0;0;0;0;0;0;0;190.864181518555;169.608459472656;0;42.3494758605957;263.612030029297;95.3384094238281;79.4798889160156;NA
NA;NA;NA;NA;NA;NA;NA;NA;NA;NA;NA;NA;NA;NA;0;0;0;0;0;0;0;0;0;0;0;0;0;0;0;0;0;NA;NA;NA;NA;0;0;0;0;0;0;0;0;0;0;0;0;0;0;0;0;0;0;0;0;0;292.010437011719;15.8812322616577;0;0;0;0;0;0;0;0;0;0;0;0;0;0;0;0;0;0;0;0;0;0;0;0;38.9562835693359;0;0;0;0;0;0;0;0;0;0;0;0;0;0;0;0;0;0;0;0;0;0;0;0;0;0;0;0;0;0;0;0;0;0;0;0;0;0;0;0;0;0;0;0;0;0;134.094741821289;1558.091796875;164.888061523438;23.9855575561523;38.0419082641602;0;0;13.3252668380737;NA
NA;NA;NA;NA;NA;NA;NA;NA;NA;NA;NA;NA;NA;NA;NA;0;0;0;0;0;0;0;0;0;0;0;0;0;0;0;NA;NA;NA;NA;NA;NA;0;0;0;0;0;0;0;0;0;0;0;0;0;0;0;0;0;0;0;0;0;0;0;0;0;0;0;0;0;0;0;0;0;0;0;0;0;0;0;0;0;0;0;0;0;0;0;0;0;0;0;0;0;0;0;0;0;0;0;0;0;0;0;0;0;0;0;0;0;0;0;0;0;0;0;0;0;0;0;0;0;0;101.379531860352;0;0;0;0;0;0;27.3918437957764;333.573272705078;0;242.867797851562;31.1386051177979;56.4274559020996;37.0304107666016;693.3095703125;14.7887630462646;0;0;5.72883129119873;NA
NA;NA;NA;NA;NA;NA;NA;NA;NA;NA;NA;NA;NA;NA;NA;NA;NA;0;0;0;0;0;0;0;0;0;0;0;0;0;NA;NA;NA;NA;NA;NA;0;0;0;0;0;0;0;0;0;0;0;0;0;0;0;0;0;0;0;0;0;0;0;0;0;489.925415039062;0;0;0;0;0;0;0;0;0;0;0;0;0;0;0;0;0;0;0;0;165.04052734375;0;0;0;0;0;0;0;0;0;0;0;0;0;0;0;0;0;0;0;0;0;0;0;0;0;0;0;0;0;0;0;40.9925918579102;0;0;410.917907714844;0;0;0;0;106.900077819824;0;456.272827148438;21.5876579284668;0;43.8965911865234;381.464660644531;45.6111602783203;0;0;0;0;0;237.092651367188;876.021362304688;NA
NA;NA;NA;NA;NA;NA;NA;NA;NA;NA;NA;NA;NA;NA;NA;NA;NA;NA;0;0;0;0;0;0;0;0;0;0;0;0;NA;NA;NA;NA;NA;NA;NA;0;0;0;0;0;0;0;0;0;0;0;0;0;0;0;0;0;0;0;0;0;0;0;0;0;0;0;0;0;0;0;0;0;0;0;0;0;0;0;0;0;0;0;0;0;72.0095901489258;0;0;0;0;0;0;0;0;0;0;0;0;0;0;0;0;0;0;0;0;0;0;0;0;0;0;0;0;0;0;195.216110229492;0;0;354.742126464844;272.498657226562;0;0;18.75146484375;788.942993164062;0;152.09912109375;597.410339355469;66.0441970825195;40.682788848877;0;0;0;93.0195846557617;0;0;0;7.22573709487915;0;91.6941528320312;NA
NA;NA;NA;NA;NA;NA;NA;NA;NA;NA;NA;NA;NA;NA;NA;NA;NA;NA;NA;0;0;0;0;114.381301879883;211.968200683594;0;0;0;0;0;NA;NA;NA;NA;NA;NA;NA;NA;NA;NA;0;0;0;0;0;0;0;0;0;0;0;0;0;0;0;0;0;0;0;0;0;0;0;0;0;0;0;0;0;0;0;0;0;0;0;0;0;0;0;0;0;0;0;0;0;0;0;4.05990219116211;0;0;0;0;0;0;0;0;0;0;0;0;0;0;0;0;0;0;0;0;0;0;0;0;1154.94409179688;1111.25219726562;677.696166992188;0;41.9557113647461;195.04850769043;0;0;0;0;0;0;493.636077880859;0;0;0;0;0;1082.80908203125;23.8774795532227;0;0;0;8.41935634613037;0;NA
NA;NA;NA;NA;NA;NA;NA;NA;NA;NA;NA;NA;NA;NA;NA;NA;NA;NA;NA;NA;NA;NA;NA;NA;6.08596134185791;0;0;0;0;NA;NA;NA;NA;NA;NA;NA;NA;NA;NA;NA;NA;NA;0;0;0;0;0;0;0;0;0;0;0;0;0;0;0;224.536590576172;0;2.00468111038208;0;0;0;0;0;0;0;0;0;0;0;0;0;0;0;0;0;0;0;0;0;0;492.621124267578;576.772033691406;0;0;0;47.7043190002441;0;0;0;0;0;0;0;0;0;0;0;0;0;0;0;0;0;0;0;0;183.776306152344;0;0;6034.4765625;4318.19873046875;226.53596496582;0;0;126.804244995117;24.2548580169678;0;0;0;0;0;0;0;0;0;0;0;32.2709426879883;0;129.982086181641;100.912689208984;0;189.117324829102;0;0;NA
NA;NA;NA;NA;NA;NA;NA;NA;NA;NA;NA;NA;NA;NA;NA;NA;NA;NA;NA;NA;NA;NA;NA;NA;0;0;0;0;0;0;NA;NA;NA;NA;NA;NA;NA;NA;NA;NA;NA;NA;NA;0;0;0;0;0;0;0;0;0;0;0;0;0;0;6.52818536758423;0;0;0;0;0;0;0;0;0;0;0;0;0;0;0;0;0;0;0;0;0;0;0;0;1615.10778808594;372.628387451172;0;0;0;0;0;0;0;0;0;0;0;0;0;0;0;0;0;0;0;0;0;0;70.4732818603516;0;0;267.481994628906;724.964538574219;3973.9970703125;347.874694824219;0;0;0;62.6833343505859;138.878082275391;0;0;0;0;0;0;0;0;0;0;273.928466796875;0;4.72877025604248;0;0;0;0;91.542610168457;0;NA
NA;NA;NA;NA;NA;NA;NA;NA;NA;NA;NA;NA;NA;NA;NA;NA;NA;NA;NA;NA;NA;NA;NA;NA;0;0;0;0;0;0;NA;NA;NA;NA;NA;NA;NA;NA;NA;NA;NA;NA;NA;NA;NA;0;0;0;0;0;0;0;0;0;0;0;309.286224365234;83.5056762695312;0;0;0;0;0;0;0;0;0;0;0;0;0;0;0;0;3.57141995429993;0;0;0;0;79.6335067749023;5.94333648681641;0;3227.091796875;579.677734375;0;0;0;0;0;0;0;0;0;0;0;0;0;0;0;0;0;0;0;0;0;0;3670.369140625;0;22.1082401275635;0;6.32942771911621;0;0;0;0;0;133.88427734375;0;0;0;0;0;0;0;0;0;0;0;0;0;0;143.148651123047;2.20211625099182;0;0;0;153.438262939453;NA
NA;NA;NA;NA;NA;NA;NA;NA;NA;NA;NA;NA;NA;NA;NA;NA;NA;NA;NA;NA;NA;NA;NA;NA;0;0;0;0;0;0;0;NA;NA;NA;NA;NA;NA;NA;NA;NA;NA;NA;NA;NA;NA;NA;0;0;0;0;0;0;0;0;0;200.877868652344;0;0;0;0;0;0;0;0;18.1572818756104;0;0;0;0;0;0;0;0;0;6.45301866531372;0;0;244.147109985352;445.45458984375;18.0851135253906;0;0;1442.28796386719;66.7926483154297;0;0;0;0;0;0;0;0;0;0;0;0;0;0;0;0;0;0;0;0;0;0;156.823471069336;0;107.237739562988;0;0;0;0;0;0;0;0;0;0;0;0;0;0;0;0;1103.53454589844;17.458137512207;0;0;0;8.96707057952881;522.030090332031;0;0;0;234.266357421875;0;NA
NA;NA;NA;NA;NA;NA;NA;NA;NA;NA;NA;NA;NA;NA;NA;NA;NA;NA;NA;NA;NA;NA;NA;NA;NA;0;0;0;0;0;0;0;0;NA;NA;NA;NA;NA;NA;NA;NA;NA;NA;NA;NA;NA;NA;NA;0;0;0;0;0;0;660.444885253906;5.24826002120972;0;0;0;0;0;0;0;0;0;0;0;69.7180099487305;0;0;0;160.077896118164;51.0937652587891;142.875473022461;0;1.09896838665009;0;40.484130859375;0;0;0;0;167.115249633789;0;0;0;0;0;0;0;0;0;0;0;0;0;0;0;0;0;0;0;0;0;0;67.9128952026367;0;0;0;0;0;0;0;0;0;0;0;0;0;0;0;0;0;0;84.0867538452148;599.198608398438;0;0;50.1214866638184;36.5284080505371;1291.70642089844;0;0;0;0;0;352.4755859375;NA
NA;NA;NA;NA;NA;NA;NA;NA;NA;NA;NA;NA;NA;NA;NA;NA;NA;NA;NA;NA;NA;NA;NA;NA;NA;NA;NA;0;0;0;0;0;0;0;NA;NA;NA;NA;NA;NA;NA;NA;NA;NA;NA;NA;NA;NA;NA;NA;0;0;0;0;854.430969238281;36.8254127502441;0;0;0;0;0;0;0;0;198.288101196289;100.467819213867;70.3672103881836;0.318218797445297;59.1837539672852;437.223876953125;288.401916503906;47.1107788085938;163.796920776367;112.637924194336;25.6838073730469;96.9166946411133;0;0;0;0;0;0;0;0;0;0;0;0;0;0;0;0;0;0;0;0;0;0;0;0;0;0;0;0;0;0;0;0;0;0;0;0;0;0;0;0;0;0;0;0;0;0;0;0;10.5127172470093;0;0;0;0;539.5712890625;1498.80078125;248.073486328125;0;50.3563613891602;772.2177734375;1134.28930664062;193.97639465332;NA
NA;NA;NA;NA;NA;NA;NA;NA;NA;NA;NA;NA;NA;NA;NA;NA;NA;NA;NA;NA;NA;NA;NA;NA;NA;NA;NA;NA;0;0;0;0;0;0;NA;NA;NA;NA;NA;NA;NA;NA;NA;NA;NA;NA;NA;NA;NA;NA;NA;NA;NA;NA;NA;NA;NA;0;0;0;0;0;0;0;0;0;773.792236328125;658.933837890625;3641.92993164062;3295.12451171875;1363.10559082031;2.07686066627502;0;0;58.4395027160645;0;0;0;0;0;0;0;0;151.170593261719;245.018890380859;0;0;0;0;0;0;0;0;0;0;0;0;0;0;0;0;0;0;0;0;0;0;0;0;0;0;0;0;0;0;0;0;0;0;0;0;0;0;12.7341165542603;0;0;299.631591796875;0;94.5237045288086;1197.87768554688;983.218994140625;131.153167724609;15.1001348495483;67.7304992675781;0;0;140.295959472656;NA
NA;NA;NA;NA;NA;NA;NA;NA;NA;NA;NA;NA;NA;NA;NA;NA;NA;NA;NA;NA;NA;NA;NA;NA;NA;NA;NA;NA;0;0;0;0;0;0;NA;NA;NA;NA;NA;NA;NA;NA;NA;NA;NA;NA;0;0;0;NA;NA;NA;NA;NA;213.026840209961;18.8486747741699;198.284332275391;32.63134765625;0;0;0;0;7.3649435043335;0;0;0;0;190.56086730957;965.424072265625;225.839874267578;28.2643394470215;0;0;0;0;0;0;0;0;0;0;0;40.6938591003418;298.534484863281;0;0;0;0;0;0;0;0;0;0;0;0;0;0;0;0;0;0;355.513336181641;0;297.836486816406;0;0;0;0;0;0;0;0;0;0;271.342376708984;0;0;0;0;0;0;0;28.5400676727295;471.604553222656;0;528.527465820312;355.534332275391;757.977294921875;1132.77465820312;5777.75439453125;0;111.232543945312;0;0;40.7960090637207;0;NA
NA;NA;NA;NA;NA;NA;NA;NA;NA;NA;NA;NA;NA;NA;NA;NA;NA;NA;NA;NA;NA;NA;NA;NA;NA;NA;NA;NA;NA;NA;NA;NA;NA;NA;NA;NA;NA;NA;NA;NA;NA;NA;NA;NA;NA;NA;0;0;0;NA;NA;NA;NA;NA;13.2556781768799;78.3396606445312;149.001617431641;183.56867980957;3.43308019638062;3.49891304969788;0;0;0;0;0;0;0;0;0;998.056335449219;0;0;0;0;0;0;0;0;0;0;0;0;0;0;0;0;578.725769042969;0;0;0;0;0;0;0;0;0;0;0;0;0;0;2246.05883789062;0;0;0;0;0;0;0;0;0;0;0;0;0;0;0;0;0;0;0;0;119.768585205078;374.061309814453;0;0;232.047515869141;12393.353515625;1108.06970214844;801.455932617188;42.8425941467285;134.443832397461;0;0;0;0;263.425048828125;NA
NA;NA;NA;NA;NA;NA;NA;NA;NA;NA;NA;NA;NA;NA;NA;NA;NA;NA;NA;NA;NA;NA;NA;NA;NA;NA;NA;NA;NA;NA;NA;NA;NA;NA;NA;NA;NA;NA;NA;NA;NA;NA;NA;NA;NA;NA;0;0;0;NA;NA;NA;NA;NA;0;0;72.0995178222656;47.6919479370117;73.4543762207031;0;23.0159282684326;0;0;0;0;0;0;0;203.762878417969;0;0;0;0;0;0;0;0;0;0;0;0;0;0;0;0;0;0;0;0;0;0;0;0;0;0;0;0;0;0;0;0;46.1211242675781;0;0;0;0;0;0;0;0;0;0;0;0;0;0;0;0;0;0;0;9.81593704223633;16.6498756408691;178.752258300781;0;0;25250.80078125;5211.3017578125;21.5769329071045;381.263336181641;0;379.333465576172;0;689.133850097656;266.322174072266;106.36368560791;38.2579574584961;NA
NA;NA;NA;NA;NA;NA;NA;NA;NA;NA;NA;NA;NA;NA;NA;NA;NA;NA;NA;NA;NA;NA;NA;NA;NA;NA;NA;NA;NA;NA;NA;NA;NA;NA;NA;NA;NA;NA;NA;NA;NA;NA;NA;NA;NA;NA;NA;NA;NA;NA;NA;NA;NA;NA;0;60.3538208007812;13.2702407836914;0;1.28469502925873;301.845825195312;73.0448532104492;0;0;0;0;0;0;0;0;0;0;0;0;0;0;0;0.860808432102203;0;0;0;0;0;0;0;0;0;0;0;11.5458221435547;0;0;0;0;0;0;0;0;0;0;0;0;0;0;0;0;0;0;0;0;0;0;0;0;0;0;102.145629882812;2.95953464508057;0;1.59694290161133;0;0;3.62362861633301;488.421783447266;0;0;725.180725097656;17.0834541320801;0;0;371.749603271484;0;0;54.5568428039551;34.0648078918457;1150.14331054688;0;0;NA
NA;NA;NA;NA;NA;NA;NA;NA;NA;NA;NA;NA;NA;NA;NA;NA;NA;NA;NA;NA;NA;NA;NA;NA;NA;NA;NA;NA;NA;NA;NA;NA;NA;NA;NA;NA;NA;NA;NA;NA;NA;NA;NA;NA;NA;NA;NA;NA;NA;NA;NA;NA;NA;NA;98.5311050415039;44.8293495178223;0;6.29859733581543;9.56363201141357;54.173397064209;139.39762878418;29.5812911987305;217.927642822266;0;0;0;0;0;0;0;0;0;0;0;43.6282958984375;0;0;0;0;0;0;0;12.2035694122314;0;0;0;0;0;0;0;0;0;0;0;0;0;0;0;0;0;0;0;0;0;0;0;0;0;0;0;0;0;0;0;0;29.6617126464844;0;0;0;0;166.216094970703;18.7723751068115;1336.60144042969;365.337158203125;0;0;0;0;48.9189643859863;0;290.020599365234;0;0;750.287841796875;10.9050226211548;32.5933876037598;148.827056884766;NA
NA;NA;NA;NA;NA;NA;NA;NA;NA;NA;NA;NA;NA;NA;NA;NA;NA;NA;NA;NA;NA;NA;NA;NA;NA;NA;NA;NA;NA;NA;NA;NA;NA;NA;NA;NA;NA;NA;NA;NA;NA;NA;NA;NA;NA;NA;NA;NA;NA;NA;NA;NA;NA;NA;NA;NA;NA;NA;NA;0;35.8257865905762;1.58499753475189;0;0;0;0;0;0;0;0;0;0;0;0;0;0;0;0;0;0;0;0;0;0;0;0;0;0;0;27.5795211791992;0;0;0;0;0;0;0;0;0;0;0;0;0;0;0;0;0;0;0;0;0;0;0;0;0;0;0;0;0;23.3706874847412;151.854110717773;24.0021286010742;0;4.50804805755615;0;0;122.528015136719;60.4389266967773;1618.43627929688;0;227.404373168945;0;0;1.5977658033371;0;32.2085647583008;0;NA
NA;NA;NA;NA;NA;NA;NA;NA;NA;NA;NA;NA;NA;NA;NA;NA;NA;NA;NA;NA;NA;NA;NA;NA;NA;NA;NA;NA;NA;NA;NA;NA;NA;NA;NA;NA;NA;NA;NA;NA;NA;NA;NA;NA;NA;NA;NA;NA;NA;NA;NA;NA;NA;NA;NA;NA;NA;NA;NA;NA;NA;105.695381164551;0;0;0;0;0;0;0;0;0;0.566291451454163;0;0;0;0;0;66.7846374511719;0;6.41006231307983;1192.91589355469;2.52384328842163;38.3410568237305;0;0;0;0;0;0;22.4285068511963;0;0;115.084396362305;0;0;0;0;0;0;0;0;0;0;0;0;0;0;0;0;0;0;0;0;8.63350391387939;0;0;0;8.04995346069336;0;44.412899017334;82.3605804443359;154.050018310547;0;1718.83996582031;0;0;0;0;0;0;0;0;0;0;0;0;0;NA
NA;NA;NA;NA;NA;NA;NA;NA;NA;NA;NA;NA;NA;NA;NA;NA;NA;NA;NA;NA;NA;NA;NA;NA;NA;NA;NA;NA;NA;NA;NA;NA;NA;NA;NA;NA;NA;NA;NA;NA;NA;0;0;0;NA;NA;NA;NA;NA;NA;4.60481595993042;105.280052185059;38.4279861450195;NA;NA;NA;NA;NA;NA;NA;NA;NA;NA;NA;0;0;0;0;0;9.03242206573486;0;6.07147550582886;0;0;0;0;0;0;0;10.9219665527344;53.9036750793457;0;0;0;0;0;0;0;0;33.315845489502;0;728.549438476562;71.6553955078125;0;0;0;0;0;0;0;0;1.66107738018036;0;0;0;0;0;0;0;0;0;0;0;248.329406738281;0;0;0;0;0;26.762580871582;0;0;0;0;0;0;0;0;371.464782714844;0;0;0;0;0;0;0;0;NA
NA;NA;NA;NA;NA;NA;NA;NA;0;0;0;0;NA;NA;NA;NA;NA;NA;NA;NA;NA;NA;NA;NA;NA;NA;NA;NA;NA;NA;NA;NA;NA;NA;NA;NA;NA;NA;NA;NA;0;0;0;0;0;0;NA;NA;NA;20.996280670166;36.6854782104492;19.9867610931396;303.217346191406;NA;NA;NA;NA;NA;NA;0;0;8.67600345611572;NA;NA;0;0;0;NA;NA;NA;0;0;0;0;0;0;0;215.702072143555;405.774536132812;0;0;0;0;0;0;0;0;0;0;0;0;15.2269010543823;0;0;61.4641075134277;102.577453613281;0;0;0;10.8316946029663;0;0;0;0;0;0;0;0;0;0;0;1.96780836582184;201.078094482422;0;0;0;0;0;0;0;0;0;0;0;0;0;25.7553405761719;0;575.998962402344;0;0;0;0;0;0;0;0;NA
NA;NA;NA;NA;NA;NA;NA;NA;0;0;0;0;NA;NA;NA;NA;NA;NA;NA;NA;NA;NA;NA;NA;NA;NA;0;0;0;NA;NA;NA;NA;NA;NA;NA;NA;NA;NA;NA;0;0;0;0;0;33.4789733886719;0;NA;NA;573.940673828125;100.556442260742;326.022705078125;224.903961181641;77.0978698730469;0;NA;NA;NA;NA;0;0;36.188362121582;NA;NA;0;0;0;NA;NA;NA;NA;0;0;0;0;0;0;25.8415393829346;0;0;0;0;0;0;0;0;0;0;0;0;0;0;0;0;0;0.114873498678207;0;0;57.2884254455566;0;0;0;0;3.42083644866943;0;0;0;0;0;0;11.4706811904907;828.212707519531;151.299057006836;0;0;72.4073944091797;0;0;0;0;0;0;0;516.103515625;932.525695800781;37.4386405944824;0;0;31.1360454559326;0;0;0;0;0;232.712188720703;0;0;NA
NA;NA;NA;NA;NA;NA;NA;NA;0;1.69853818416595;0;0;0;0;NA;NA;NA;NA;NA;NA;NA;NA;NA;NA;NA;NA;0;0;0;0;0;0;NA;NA;NA;NA;NA;NA;NA;NA;0;0;0;0;714.814086914062;0;0;87.383415222168;NA;2456.04614257812;104.254333496094;137.347778320312;630.083190917969;192.259033203125;203.603088378906;246.077087402344;11.7120790481567;26.7101230621338;NA;0;69.8884048461914;568.473815917969;27.9454479217529;160.311889648438;0;NA;NA;NA;NA;NA;NA;0;0;0;0;0;0;0;0;0;0;0;0;0;0;0;0;0;0;0;83.9556045532227;0;238.546783447266;0;0;0;0;125.542587280273;0;0;0;0;0;0;0;0;0;156.069198608398;3.88758230209351;19.5809421539307;56.4744529724121;415.618743896484;32.4645233154297;44.5521392822266;0;0;2.47291994094849;0;0;0;0;2237.37255859375;52.9304389953613;93.8800201416016;0;0;0;0;0;130.045806884766;0;2698.18432617188;0;0;646.348815917969;0;0;NA
NA;NA;NA;NA;NA;NA;NA;NA;NA;NA;NA;0;0;0;0;0;NA;NA;NA;NA;NA;NA;NA;NA;NA;NA;0;0;0;0;0;0;0;0;0;0;NA;NA;NA;NA;0;0;0;501.118988037109;565.494934082031;0;0;31.4190788269043;2359.70556640625;771.503784179688;747.310913085938;191.949554443359;1340.6396484375;1666.27233886719;1022.92669677734;255.652053833008;202.451843261719;13.2134389877319;259.683288574219;NA;NA;NA;4.90056753158569;366.821990966797;470.908966064453;466.034851074219;151.241912841797;0;0;NA;NA;0;0;0;19.3356018066406;178.439895629883;0;0;0;0;0;0;0;0;0;0;0;0;0;284.678100585938;4.24112272262573;0;0;0;0;0;0;0;0;0;16.8914985656738;0;8.32524299621582;39.9549560546875;0;0;71.3323669433594;0;382.974212646484;385.969177246094;0;161.709274291992;0;31.9260406494141;0;256.958068847656;14.4149398803711;0;0;0;0;0;0;0;0;107.976249694824;0;0;0;324.411437988281;0;382.336334228516;0;25.0792407989502;0;12.124662399292;0;NA
NA;NA;NA;NA;NA;NA;NA;NA;NA;NA;NA;0;0;0;0;0;0;0;0;NA;NA;NA;NA;NA;NA;NA;NA;0;0;0;0;0;0;0;0;0;NA;NA;NA;NA;0;0;0;0;0;0;0;53.4283752441406;396.166717529297;1225.3212890625;972.935668945312;604.451110839844;2092.42749023438;224.371734619141;852.743896484375;248.387100219727;16.2651824951172;9.69437694549561;40.7925491333008;215.549346923828;NA;2.69020199775696;0;626.672546386719;250.543167114258;106.20393371582;0;0;0;0;0;0;0;0;10.8695459365845;0.64258885383606;0;0;0;37.5351982116699;0;0;0;0;0;0;0;0;184.492294311523;20.0082702636719;0;0;11.5237636566162;0;0;0;0;0;0;0;4.61786270141602;109.277420043945;0;0.937336623668671;150.087875366211;243.538360595703;194.429290771484;56.6456604003906;0;0;21.892333984375;0;0;15.4211378097534;0;145.171829223633;0;0;0;0;0;0;0;0;0;0;0;42.2901802062988;282.482849121094;0;0;0;0;0;0;12.2198352813721;0;NA
NA;NA;NA;NA;NA;NA;NA;NA;NA;NA;NA;0;0;0;0;0;0;0;0;0;0;NA;NA;NA;NA;NA;NA;NA;NA;0;0;0;0;0;0;0;NA;NA;NA;NA;NA;0;0;0;0;0;0;88.9529571533203;590.045959472656;1799.76770019531;887.571533203125;786.748046875;1310.05651855469;455.025115966797;496.860565185547;541.310241699219;0;0;0;52.9480094909668;496.009552001953;35.6918907165527;219.308013916016;1156.82275390625;3.50371766090393;264.989013671875;0.177113518118858;0;28.4215412139893;14.3234624862671;0;0;0;0;10.0361518859863;0;0;0;0;656.808776855469;36.7338104248047;0;0;0;160.597610473633;435.861328125;9.26313972473145;0;0;0;0;0;0;0;0;0;0;0;0;14.815990447998;21.5875682830811;1.15260851383209;0.435264021158218;292.245178222656;0;0;0;0;0;0;0;13.42955493927;0;0;0;0;0;0;0;0;0;0;0;0;0;67.1692352294922;54.6493148803711;0;0.330112308263779;0;0;0;0;0;8.34222412109375;0;0;NA
NA;NA;NA;NA;NA;NA;NA;NA;NA;NA;NA;NA;0;0;0;0;95.2418746948242;0;0;0;0;0;0;NA;NA;NA;NA;NA;NA;NA;NA;NA;0;0;0;NA;NA;NA;NA;NA;NA;NA;0;0;0;0;0;36.1514015197754;NA;NA;1106.75134277344;1501.2783203125;1052.72436523438;609.197387695312;759.517456054688;58.5919876098633;0;0;0;3.50305891036987;67.6799011230469;95.6274871826172;977.578491210938;781.372680664062;1137.18579101562;200.761459350586;0;514.054443359375;361.319396972656;87.8589859008789;0;0;0;55.7243881225586;772.270141601562;0;0;33.4289817810059;51.083911895752;956.994689941406;381.325042724609;217.734405517578;502.004516601562;841.803283691406;196.615020751953;0;0;0;0;0;0;0;0;18.421781539917;0;13.4826345443726;0;0;8.0937671661377;11.6231594085693;117.858459472656;0;8.62958717346191;0;0;0;0;0;0;0;0;0;0;0;0;0;0;0;0;0;0;0;0;0;48.4067306518555;323.077423095703;4.02794790267944;0;0;0;0;0;0;0;0;0;0;NA
NA;NA;NA;NA;NA;NA;NA;NA;NA;NA;NA;NA;NA;0;0;23.732946395874;29.8874225616455;0;0;0;0;0;0;0;NA;NA;NA;NA;NA;NA;NA;NA;NA;NA;NA;NA;NA;NA;NA;NA;NA;NA;NA;0;0;0;0;53.9768676757812;NA;NA;1145.36413574219;1296.20666503906;707.911499023438;1658.98999023438;869.723754882812;10.1419019699097;0;0;10.2293643951416;0;0;0;0;752.540283203125;651.7490234375;26.2213153839111;340.658203125;0;0;9.64150905609131;0;0;126.915588378906;759.306518554688;37.9797096252441;0;307.779663085938;124.862380981445;3104.60961914062;1814.19799804688;1217.63146972656;173.539459228516;76.4041213989258;556.4658203125;354.874359130859;791.686828613281;22.1304225921631;0;24.2819366455078;39.4480361938477;0;0;0;413.622741699219;0;0;12.8175859451294;176.237533569336;2463.77197265625;1024.69506835938;0;0;0;0;0;0;0;0;0;0;0;0;0;0;0;0;0;0;0;0;0;0;0;0;0;2.74201965332031;0.486087769269943;0;0;0;0;0;0;0;0;0;0;NA
NA;NA;NA;NA;NA;NA;NA;NA;NA;NA;NA;NA;NA;NA;0;34.8658752441406;0;0;0;0;0;0;0;0;0;NA;NA;NA;NA;NA;NA;NA;NA;NA;NA;NA;NA;NA;NA;NA;NA;NA;NA;NA;NA;0;83.449104309082;395.1884765625;NA;NA;3185.16357421875;930.857055664062;545.421081542969;211.595108032227;0;0;21.4395904541016;59.0403518676758;33.4270362854004;0;0;0;0;925.192199707031;146.358413696289;8.62315464019775;0;0;9.76036548614502;0;1162.9716796875;35.2210845947266;0;227.820205688477;495.241180419922;174.964492797852;319.235107421875;665.004943847656;3701.7919921875;1610.28137207031;791.662658691406;539.616577148438;713.481323242188;1761.08618164062;4416.78369140625;1585.43579101562;1350.310546875;83.5600357055664;6.31111717224121;0;0;0;0;0;0;247.594146728516;132.091674804688;1026.47131347656;758.616821289062;114.633399963379;333.539703369141;250.287109375;0;0;10.8564825057983;0;0;0;0;0;0;0;0;0;0;0;0;94.4668655395508;53.8467407226562;0;0;0;3.39144396781921;6.1334114074707;2.65517163276672;36.4183120727539;19.3087577819824;0;0;0;0;0;0;0;0;0;0;NA
NA;NA;NA;NA;NA;NA;NA;0;0;0;NA;NA;NA;NA;NA;0;0;0;0;0;0;0;0;0;0;NA;NA;NA;NA;NA;NA;NA;NA;NA;NA;NA;NA;NA;NA;NA;NA;NA;NA;NA;NA;NA;NA;NA;NA;NA;NA;NA;NA;NA;0;28.0131340026855;51.5287208557129;0;0;0;0;0;0;894.910034179688;5.8648099899292;6.72556209564209;311.170318603516;0;373.130340576172;1120.42041015625;6.87133121490479;7.35411262512207;66.0644226074219;339.292816162109;348.033020019531;497.484680175781;642.410095214844;1260.74365234375;2808.5146484375;1660.89660644531;1047.65368652344;830.097106933594;2455.84790039062;1537.75732421875;336.110321044922;0;0;0;0;0;0;0;0;0;0;0;0;0;447.994781494141;47.4055671691895;473.293273925781;329.555572509766;71.7064361572266;343.601013183594;510.868041992188;497.244750976562;4.63216400146484;0;0;0;0;0;0;0;0;0;1.16954338550568;246.434829711914;12.3946599960327;0;0;0;0;0;0;0;0;0;0;0;0;0;0;43.6583557128906;0;61.4426574707031;80.9214248657227;NA
NA;NA;NA;NA;NA;NA;0;0;0;0;NA;NA;NA;NA;NA;NA;NA;0;0;0;0;0;0;0;0;NA;NA;NA;NA;NA;NA;NA;NA;NA;NA;NA;NA;NA;NA;NA;NA;NA;NA;NA;NA;NA;NA;NA;NA;NA;NA;NA;NA;NA;NA;2.02155613899231;0;0;0;0;0;0;1.63012075424194;93.7962951660156;253.780746459961;186.920989990234;157.111877441406;93.8526916503906;406.733978271484;7.87417364120483;19.6438312530518;21.1003875732422;462.736663818359;418.870178222656;179.73095703125;303.700012207031;1576.19775390625;1334.51647949219;1844.16149902344;1386.09997558594;330.990844726562;705.106811523438;3092.57495117188;2339.18212890625;1238.50463867188;13.2789840698242;0;0;0;0;0;0;0;0;0;0;19.9453773498535;334.108764648438;380.528137207031;5.49722766876221;21.7713851928711;82.0168609619141;473.079742431641;243.19953918457;1404.58447265625;66.3536911010742;109.82958984375;9.01547813415527;0;0;0;0;11.7512893676758;0;0;0;5.657142162323;37.7391891479492;0;0;0;0;0;0;0;0;0;0;0;0;0;0;0;0;0;0;82.7386932373047;NA
NA;NA;NA;NA;NA;NA;0;0;0;0;NA;NA;NA;NA;NA;NA;NA;0;0;0;0;0;0;NA;NA;NA;NA;NA;NA;0;0;0;0;0;0;NA;NA;NA;NA;NA;NA;NA;NA;NA;NA;NA;NA;NA;NA;NA;NA;NA;NA;NA;NA;NA;NA;0;0;0;NA;NA;NA;NA;0;444.980926513672;232.837600708008;2245.70654296875;320.278137207031;0;0;667.151489257812;4805.19873046875;343.69091796875;1302.12060546875;303.679504394531;2953.17211914062;2812.99291992188;1314.03771972656;1998.80187988281;906.178161621094;142.478576660156;1792.8974609375;402.510955810547;18.896671295166;0;0;0;0;0;0;0;0;0;0;52.4199371337891;87.4412078857422;111.146179199219;0;140.382476806641;7.12865543365479;0;535.987609863281;490.15185546875;61.2628860473633;283.210876464844;290.097381591797;490.658477783203;57.0282173156738;0;12.6286649703979;0.724745035171509;0;0;0;41.0174674987793;0;0;0;0;9.24469947814941;0;0;0;0;0;0;0;0;0;0;0;0;0;0;0;69.7456970214844;NA
NA;NA;NA;NA;NA;NA;0;0;0;NA;NA;NA;NA;NA;NA;NA;NA;0;0;0;0;0;0;NA;NA;NA;NA;NA;NA;0;0;0;0;0;0;510.044830322266;1142.12048339844;596.528442382812;633.144592285156;116.754852294922;NA;NA;NA;NA;NA;NA;NA;NA;NA;NA;NA;NA;NA;NA;NA;NA;NA;NA;NA;NA;NA;NA;NA;NA;350.243316650391;11.3136749267578;1997.81274414062;2763.5078125;132.340515136719;151.016296386719;1901.35961914062;5467.0107421875;1202.7529296875;600.884338378906;1855.4609375;1873.65026855469;1312.45129394531;999.052368164062;1353.53051757812;870.694091796875;995.424377441406;1713.22534179688;0;0;0;0;84.3538665771484;0;0;0;0;0;0;378.061889648438;284.371002197266;1.39784705638885;0;0;0;0;0;325.810241699219;81.216194152832;18.572696685791;0;81.9938125610352;602.421813964844;284.004913330078;487.042663574219;0;64.2938079833984;28.9267272949219;39.3462066650391;0;7.30684280395508;0;0;25.5526733398438;9.46253108978271;4.03342866897583;0;0;0;0;0;0;0;0;0;0;0;0;0;0;26.3202705383301;0;0;NA
NA;NA;NA;NA;NA;NA;NA;NA;NA;NA;NA;NA;NA;NA;NA;NA;NA;0;0;0;0;0;0;NA;NA;NA;NA;NA;NA;0;0;0;0;55.9389190673828;1128.9833984375;175.324584960938;76.5646667480469;228.959075927734;317.228332519531;0;0;38.9248962402344;NA;NA;NA;NA;NA;NA;NA;NA;NA;NA;NA;NA;NA;NA;NA;NA;NA;NA;NA;NA;NA;NA;805.893310546875;811.583679199219;2539.20556640625;115.45189666748;208.856140136719;2218.57299804688;3075.98583984375;3628.419921875;2898.775390625;1905.1240234375;214.142929077148;988.583740234375;1183.32775878906;431.873931884766;61.427604675293;135.939819335938;3319.27465820312;7023.5615234375;0;0.545540750026703;0;0;2.00460433959961;261.293304443359;0;9958.2744140625;999.44140625;0;0;4.66037893295288;0.198900178074837;0;0;0;0;23.6289100646973;90.1761474609375;3.88579249382019;0;1.71631920337677;229.873672485352;215.552001953125;454.891418457031;973.918090820312;628.0068359375;349.954742431641;0.426984131336212;188.569107055664;0;0;0;0;0;0;0;0;0;0;0;0;0;0;0;0;0;0;0;1.36661267280579;0;0;0;215.427993774414;69.6058578491211;NA
NA;NA;NA;NA;NA;NA;NA;NA;NA;NA;NA;NA;NA;NA;NA;NA;NA;NA;NA;0;0;0;0;NA;NA;NA;NA;NA;NA;NA;NA;NA;3145.37744140625;1909.20532226562;2465.62475585938;1885.4755859375;1138.19274902344;384.414398193359;66.3683090209961;1.16788351535797;510.085235595703;134.02668762207;66.8024215698242;NA;NA;NA;NA;NA;NA;NA;NA;NA;NA;NA;NA;NA;NA;NA;NA;NA;NA;NA;NA;NA;2254.92822265625;1354.42614746094;291.271667480469;0;0;1810.71435546875;2803.9296875;2574.8095703125;1093.50329589844;111.75212097168;473.427215576172;1989.064453125;3346.5712890625;16913.423828125;12444.443359375;11434.1552734375;15447.6142578125;7695.1181640625;7138.1484375;9.33880710601807;456.350189208984;0;10556.6396484375;22944.4765625;33941.8125;45179.33203125;4039.77465820312;0;0;0;0;0;0;0;5.02227544784546;3.71084642410278;364.862030029297;0;0;0;0;258.065246582031;507.417114257812;122.904113769531;1035.70141601562;428.032257080078;817.604064941406;468.376953125;27.2961578369141;36.8520812988281;5.3876051902771;0;0;0;0;0;0;0;0;0;0;41.6509628295898;0;0;0;0;0;0;24.2305164337158;0;0;5.60712862014771;149.849349975586;NA
NA;NA;NA;NA;NA;NA;NA;NA;NA;NA;NA;NA;NA;NA;NA;NA;NA;NA;NA;NA;NA;NA;NA;NA;NA;NA;NA;NA;NA;NA;NA;NA;NA;NA;NA;3156.68408203125;1386.93029785156;1077.66589355469;619.083618164062;215.116119384766;148.325637817383;356.506713867188;305.581512451172;NA;NA;NA;NA;NA;NA;NA;NA;NA;NA;NA;NA;NA;NA;NA;NA;NA;NA;NA;NA;NA;NA;1966.791015625;3179.66259765625;429.490020751953;NA;1731.14123535156;80.0683975219727;597.235229492188;909.155639648438;649.982849121094;2928.37109375;4154.91162109375;8208.119140625;64712.4375;29121.0546875;NA;24973.359375;25326.630859375;2495.36010742188;3683.81396484375;268.900848388672;9526.6103515625;37621.81640625;59697.890625;42209.609375;264.912963867188;0;0;0;0;0;0;0;0;99.4928894042969;0;0;0;0;0;201.976531982422;0;7.50782775878906;31.0468692779541;239.513214111328;286.793975830078;1790.43530273438;716.889404296875;37.7614135742188;0;0;0;0;0;0;0;1.15323030948639;0;1.68503880500793;0;0;127.686050415039;0;0;0;41.4697532653809;0;26.7186527252197;0;132.335250854492;0;1168.3125;6450.1142578125;NA
NA;NA;NA;NA;NA;NA;NA;NA;NA;NA;NA;NA;NA;NA;NA;NA;NA;NA;NA;NA;NA;NA;NA;NA;NA;NA;NA;NA;NA;NA;NA;NA;NA;NA;NA;NA;NA;NA;NA;NA;171.919097900391;300.384216308594;281.964996337891;NA;NA;NA;NA;NA;NA;NA;NA;NA;NA;NA;NA;NA;NA;NA;NA;NA;NA;NA;NA;NA;NA;NA;NA;NA;NA;0;0;125.545654296875;13177.9345703125;2692.896484375;12856.3720703125;13010.861328125;33364.125;40706.3203125;32423.462890625;NA;27819.771484375;5151.4443359375;5194.0732421875;5192.48779296875;38.9659385681152;25711.46875;58155.23828125;21451.65625;168.172180175781;266.752593994141;0;0;0;0;79.663818359375;0;0;7.87417793273926;23.6805095672607;0;0;0;0;0;0;0;0;21.7007923126221;0;998.974304199219;547.0888671875;21.9649982452393;25.5021362304688;55.7099380493164;309.4423828125;60.9623146057129;35.2418365478516;0.810117065906525;0;0;0;0;0;0;0;0;0;0;0;0;0;0;0;0;503.041900634766;899.883422851562;655.822509765625;NA
NA;NA;NA;NA;NA;NA;NA;NA;NA;NA;NA;NA;NA;NA;NA;NA;0;0;0;NA;NA;NA;NA;NA;NA;NA;NA;NA;NA;NA;NA;NA;NA;NA;NA;NA;NA;NA;NA;NA;1.61603283882141;39.9303512573242;430.048797607422;NA;NA;NA;NA;NA;NA;NA;NA;NA;NA;NA;NA;NA;NA;NA;NA;NA;NA;NA;NA;NA;NA;NA;NA;NA;NA;NA;NA;NA;NA;11470.3818359375;11706.49609375;22188.765625;11690.939453125;22078.818359375;25201.763671875;NA;NA;NA;5815.40478515625;1721.45471191406;15156.185546875;37436.93359375;50725.90234375;7894.43017578125;2213.73852539062;24.8650283813477;0;449.690612792969;0;0;1054.966796875;0;0;25.0990085601807;0;0;0;0;0;15.3741216659546;0;4.48485231399536;100.88703918457;95.8009338378906;335.81640625;69.4309921264648;0;0;0;26.1946659088135;138.329147338867;0;3.19184708595276;0;0.899061918258667;17.0622329711914;0;40.7161636352539;2.11689376831055;23.6471042633057;0;0;0;0;0;114.417442321777;0;0;0;163.262802124023;1001.71893310547;101.533958435059;0;NA
NA;NA;NA;NA;NA;NA;NA;NA;NA;NA;NA;NA;NA;NA;NA;NA;0;0;0;NA;NA;NA;NA;NA;NA;NA;NA;NA;NA;NA;NA;NA;NA;NA;NA;NA;NA;NA;NA;NA;0;49.0327453613281;69.56884765625;NA;NA;NA;NA;NA;NA;NA;NA;NA;NA;NA;NA;NA;NA;NA;NA;NA;NA;NA;NA;NA;NA;NA;NA;NA;107498.4765625;10516.83203125;3056.02514648438;33552.17578125;NA;7158.9873046875;5541.6201171875;20699.662109375;19019.244140625;30056.36328125;23466.3828125;NA;NA;13609.44140625;7103.92626953125;2398.90844726562;26634.216796875;33156.19140625;10436.3681640625;16677.22265625;4952.18017578125;193.497436523438;548.094055175781;287.791717529297;2706.9599609375;101.761848449707;0;0;0;0;0;0;11.2914304733276;0;45.1265487670898;1.19086754322052;0;0;80.5866241455078;53.7468757629395;0;0;0;0;2.8594536781311;0;0;0;0;0;653.546936035156;1.47178494930267;3.98261690139771;0;10.1935501098633;0;0;0;0;0;0;0;1.56639313697815;105.707443237305;7.37394666671753;0.770367860794067;0;10.4575223922729;0;NA
NA;NA;NA;NA;NA;NA;NA;NA;NA;NA;NA;NA;NA;NA;NA;NA;0;0;0;NA;NA;NA;NA;NA;NA;NA;NA;NA;NA;NA;NA;NA;NA;NA;NA;NA;NA;NA;NA;NA;NA;NA;NA;NA;NA;NA;NA;NA;NA;762.048828125;733.547607421875;562.837280273438;NA;NA;NA;7280.39404296875;8672.130859375;5911.4736328125;NA;NA;NA;NA;NA;NA;NA;NA;NA;NA;25646.28125;18258.3671875;26719.10546875;36999.55078125;NA;NA;9840.1220703125;21389.13671875;22502.421875;15875.326171875;NA;NA;NA;8359.6220703125;13746.81640625;7999.212890625;7751.681640625;10237.7587890625;8935.869140625;11575.8115234375;8066.7744140625;8540.2978515625;259.003845214844;3028.03735351562;0;47.915599822998;0;0;0;0;0;0.558395385742188;165.572662353516;171.19221496582;69.506462097168;12.7785596847534;47.9476547241211;9.38446712493896;43.684268951416;0;0;0;0;0;0;0;0;0;0;0.350001633167267;186.348175048828;0;0;0;0;0;0;0;0;78.0332107543945;0;18.7418823242188;0;128.30158996582;0;413.870239257812;12.0915880203247;0;45.321216583252;NA
NA;NA;NA;NA;NA;NA;NA;NA;NA;NA;NA;NA;NA;NA;NA;NA;NA;NA;NA;NA;NA;NA;NA;0;0;0;0;NA;NA;NA;NA;NA;NA;NA;NA;NA;NA;NA;NA;NA;NA;NA;NA;NA;NA;NA;NA;NA;NA;219.430938720703;152.985473632812;40.8447570800781;74.383415222168;NA;NA;17418.939453125;22036.15625;18251.29296875;NA;NA;NA;NA;NA;27611.033203125;20159.42578125;15810.685546875;NA;NA;18796.927734375;21438.541015625;14966.0419921875;18289.4609375;NA;NA;NA;19372.119140625;17798.31640625;3215.99926757812;NA;NA;NA;3211.53955078125;8382.4287109375;7109.455078125;12387.72265625;541.992736816406;2831.00537109375;4348.4755859375;7249.4541015625;12845.6455078125;3414.46435546875;0;120.53694152832;0;0;1.69836699962616;0;0;0;109.559516906738;213.32666015625;848.246337890625;113.112319946289;36.7684288024902;1.29601633548737;0;0;0;0;0;0;0;0;0;0;0;3.50290632247925;0;0;0;0;0;0;0;0;553.106323242188;0;36.56982421875;0;0;0;29.9332885742188;0;0;9.63313388824463;143.818649291992;0;NA
NA;NA;NA;NA;NA;NA;NA;NA;NA;NA;NA;NA;NA;NA;NA;NA;NA;NA;NA;NA;NA;NA;NA;0;0;0;0;0;NA;NA;NA;NA;NA;NA;NA;NA;NA;NA;NA;NA;NA;NA;NA;NA;NA;NA;NA;NA;NA;0;0;0;0;NA;NA;10661.7568359375;20890.12109375;16546.40234375;NA;NA;NA;NA;NA;7492.20703125;16493.53125;13870.9765625;NA;NA;NA;NA;NA;NA;NA;NA;NA;NA;NA;NA;NA;1629.53076171875;0;0;274.719940185547;9066.9033203125;1784.54370117188;8777.986328125;9308.40625;4783.94287109375;1250.61987304688;11361.3896484375;5144.091796875;0;1698.22875976562;343.410827636719;396.951568603516;0;0;60.9076194763184;150.745254516602;1.34257924556732;404.636535644531;477.624206542969;137.200988769531;18.52614402771;8.21484470367432;0;0;0;0;0;0;0;0;0;0;1.99071133136749;0;0;22.5252914428711;0;0;0;0;0;0;8.69496250152588;0;0;0;0;28.3030986785889;0;0;0;598.540161132812;6.3444938659668;0;NA
NA;NA;NA;NA;NA;NA;NA;NA;NA;NA;NA;NA;NA;NA;0;0;0;0;NA;NA;NA;NA;NA;0;0;0;0;5.95390224456787;NA;NA;NA;NA;NA;NA;NA;NA;NA;NA;NA;NA;NA;NA;NA;NA;NA;NA;NA;NA;NA;NA;0;0;0;NA;NA;NA;NA;NA;NA;NA;NA;NA;NA;12542.1611328125;14391.138671875;16171.458984375;NA;NA;NA;NA;NA;NA;NA;NA;NA;NA;NA;NA;NA;0;0;0;NA;NA;1815.97216796875;729.104309082031;4855.5693359375;0;2023.68518066406;845.150634765625;813.989807128906;14998.57421875;1330.55004882812;12495.4580078125;103.602439880371;134.207733154297;445.083129882812;1070.53088378906;226.939422607422;726.349304199219;82.203987121582;0;14.9621315002441;0;1.66508638858795;0;0;8.38225173950195;0;0;0;0;0;0;1.0509546995163;65.2733688354492;0;1.67578983306885;9.61928558349609;0;0;0;0;0;0;0;0;0;0;0;0;0;0;0;338.948791503906;0;0;NA
NA;NA;NA;NA;NA;NA;NA;NA;NA;NA;NA;NA;NA;NA;0;0;0;0;NA;NA;NA;NA;NA;0;2.22437524795532;0;12.3311214447021;23.3144416809082;NA;NA;NA;NA;NA;NA;NA;NA;NA;NA;NA;NA;NA;NA;NA;NA;NA;NA;NA;NA;NA;NA;NA;NA;NA;NA;NA;NA;NA;NA;NA;NA;NA;NA;NA;NA;NA;NA;NA;NA;NA;NA;NA;NA;NA;NA;NA;NA;NA;NA;NA;47.7224502563477;437.354400634766;0;NA;NA;NA;2487.51440429688;95.7622222900391;0;0;97.9654159545898;1249.15209960938;2808.66821289062;146.104446411133;974.47607421875;108.9951171875;563.863464355469;1313.41052246094;673.099304199219;2715.32275390625;369.970306396484;851.31689453125;0;3.60551333427429;0;0;0;2.86917614936829;0;0;0;0;0;0;84.0610580444336;5.21964073181152;0;248.355239868164;8.06017780303955;22.4528846740723;0;0;5.17386198043823;0;0;0;0;0;0;23.726978302002;392.624145507812;0;399.861145019531;0;43.0155334472656;315.685333251953;0;78.4478759765625;NA
NA;NA;NA;NA;NA;NA;NA;NA;NA;NA;NA;NA;NA;NA;0;0;0;0;NA;NA;0;0;0;NA;0;0;0;3.74353551864624;NA;NA;NA;NA;NA;NA;NA;NA;NA;NA;NA;NA;NA;NA;NA;NA;NA;NA;NA;NA;NA;NA;NA;NA;NA;NA;NA;NA;NA;NA;NA;NA;NA;NA;NA;NA;NA;NA;NA;NA;15576.560546875;20249.9921875;22884.7109375;NA;NA;NA;NA;NA;NA;NA;NA;NA;NA;NA;NA;NA;153.095703125;0;0;30.0594234466553;0;0;1389.8798828125;15.2505674362183;572.975830078125;15.1413841247559;0;12.811580657959;208.820541381836;942.353576660156;1609.53979492188;1225.23864746094;105.400634765625;45.6665153503418;346.173187255859;130.783935546875;0;134.344177246094;0;0;0;0;0;4.47056245803833;0;0;0;0;29.2122745513916;152.510833740234;0;0;8.82325553894043;0;0;0;0;0;0;0;749.080444335938;1.71745789051056;438.203216552734;0;646.686279296875;122.869033813477;0;6.18670749664307;42.4084320068359;NA
NA;NA;NA;NA;NA;NA;NA;NA;NA;NA;NA;NA;NA;NA;0;0;0;0;NA;NA;0;0;0;NA;NA;NA;NA;NA;NA;NA;NA;NA;NA;NA;NA;NA;NA;NA;NA;NA;NA;NA;NA;NA;NA;NA;NA;NA;NA;NA;NA;NA;NA;NA;NA;NA;NA;10194.8369140625;17249.603515625;8698.357421875;13598.0341796875;NA;NA;NA;NA;NA;NA;NA;20030.623046875;23293.775390625;24261.54296875;NA;NA;NA;NA;NA;NA;NA;NA;NA;NA;NA;NA;NA;0;0;68.961799621582;0;0;19.982292175293;166.530563354492;33.9713249206543;73.6431045532227;0.276577591896057;7.70687007904053;1.28164863586426;28.6449241638184;7.88850593566895;309.645660400391;58.2322616577148;25.8311710357666;0;292.431243896484;39.1617431640625;91.2959976196289;1.86630749702454;11.5387144088745;0;0;0;0;0;0;0;22.8165550231934;34.5385360717773;63.62744140625;6.02113819122314;0;0;0;0;117.357215881348;0;8.24533748626709;0;0;337.6337890625;307.872985839844;109.764747619629;0;17.288537979126;11.713641166687;30.9199504852295;0;0;0.502847850322723;NA
NA;NA;NA;NA;NA;NA;NA;NA;NA;NA;NA;NA;NA;NA;NA;0;0;0;NA;NA;0;0;0;NA;NA;NA;NA;NA;NA;NA;NA;NA;NA;NA;NA;NA;NA;NA;NA;NA;NA;NA;NA;NA;NA;NA;NA;NA;NA;NA;NA;NA;NA;NA;NA;NA;NA;4265.6416015625;5727.357421875;13205.41015625;13592.513671875;11221.970703125;11336.2294921875;NA;10099.99609375;12194.326171875;3150.806640625;12376.6533203125;17789.642578125;23418.70703125;22869.87890625;NA;NA;NA;NA;NA;NA;NA;NA;NA;NA;NA;NA;NA;0;0;0;0;0;950.247314453125;16.0585536956787;3.81303858757019;169.029724121094;232.811065673828;60.8803024291992;983.779479980469;249.705947875977;12.218770980835;93.3370513916016;0;3.60545682907104;221.451232910156;319.177429199219;325.779174804688;52.2068519592285;54.7504692077637;11.407660484314;5.51576232910156;18.2643375396729;5.30977725982666;0;0;0.570931077003479;27.1530055999756;19.3263492584229;43.8057174682617;32.1210708618164;0;0;0;0;0;66.5040740966797;87.5056991577148;16.0668754577637;0;350.837585449219;215.177825927734;111.570846557617;0;257.055389404297;0;23.607048034668;729.610107421875;0;0;0;NA
NA;NA;NA;NA;NA;NA;NA;NA;NA;NA;NA;NA;NA;NA;NA;NA;NA;NA;NA;NA;0;0;0;0.825291216373444;NA;NA;NA;NA;NA;NA;NA;NA;NA;NA;NA;NA;NA;NA;NA;NA;NA;NA;NA;NA;NA;NA;NA;NA;NA;NA;NA;NA;NA;NA;NA;NA;NA;82.3182144165039;3577.73046875;8260.5498046875;6965.13916015625;6256.13232421875;5122.01904296875;2710.62036132812;12437.49609375;12959.9365234375;1124.5400390625;8975.5703125;17154.330078125;12595.0009765625;20190.564453125;1209.01379394531;25.9346027374268;NA;NA;NA;NA;NA;NA;NA;NA;NA;NA;NA;0;0;0;0;0;0;1.41338717937469;0;56.1652069091797;161.067810058594;4077.5009765625;9082.9794921875;1794.33984375;302.241760253906;44.2784996032715;2.42471885681152;4.24527788162231;56.2307586669922;193.493301391602;101.03734588623;82.3762893676758;24.0301818847656;48.1797485351562;38.2181358337402;0;0;0;0;31.507438659668;0;0;0;0;0;0;0;0;525.839294433594;0;0;0;203.287490844727;116.04467010498;353.710357666016;203.955093383789;38.3212852478027;144.384780883789;86.4991149902344;28.7622814178467;0;0;0;144.931945800781;NA
NA;NA;NA;NA;NA;NA;NA;NA;NA;NA;NA;NA;NA;NA;NA;NA;NA;NA;NA;NA;NA;72.0261688232422;0;0;0;NA;NA;NA;NA;NA;NA;NA;NA;NA;NA;NA;NA;NA;NA;NA;NA;NA;NA;NA;NA;NA;NA;NA;NA;NA;NA;NA;NA;NA;NA;NA;NA;NA;NA;6865.818359375;4986.03955078125;6862.3154296875;6796.3876953125;12801.029296875;8945.4521484375;11207.93359375;534.338500976562;13161.0859375;14668.0302734375;13409.9150390625;9483.3740234375;0;34.2975616455078;1362.62316894531;5184.1533203125;5595.373046875;NA;NA;NA;NA;NA;NA;NA;NA;0;0;0;0;0;119.792694091797;357.036590576172;1871.93566894531;2089.69018554688;8126.1962890625;12629.533203125;13001.34375;2385.35791015625;829.342041015625;70.3376693725586;12.8996982574463;0;10.0491504669189;10.4087181091309;0.722977340221405;24.449893951416;45.3822860717773;1084.56982421875;97.1097793579102;624.215148925781;53.782657623291;88.4873352050781;0;0;25.483268737793;0;0;0;0;0;0;0;51.7338905334473;14.8142681121826;0;3.46117162704468;160.058166503906;10.8667888641357;168.571838378906;620.268432617188;188.597610473633;489.211181640625;9.25569915771484;0;2110.15502929688;0;0;0;NA
NA;NA;NA;NA;NA;NA;NA;NA;NA;NA;NA;NA;NA;NA;NA;NA;NA;NA;NA;NA;NA;21.5633220672607;0;0;0;0;0;NA;NA;NA;NA;NA;NA;NA;NA;NA;NA;NA;NA;NA;NA;NA;NA;NA;NA;NA;NA;NA;NA;NA;NA;NA;NA;NA;NA;NA;NA;NA;NA;NA;NA;13462.677734375;13094.8896484375;8462.8740234375;6994.08203125;1451.98669433594;7676.40283203125;19285.578125;20241.21484375;13175.28515625;3228.73266601562;25.1775646209717;3767.54833984375;4826.48046875;4730.33740234375;660.396606445312;0;0;NA;NA;NA;NA;NA;NA;NA;NA;NA;0;0;4730.29052734375;2654.86840820312;7473.71826171875;11924.96484375;7299.375;13137.373046875;7031.435546875;1456.70263671875;9.26584720611572;24.2877349853516;47.606502532959;28.9595069885254;20.2618999481201;0;21.9392604827881;2866.8017578125;3434.22680664062;7970.32373046875;2933.66357421875;1975.12817382812;66.9167556762695;49.2784538269043;206.096725463867;1180.40185546875;223.21142578125;0;0;0;0;0;0;34.9000701904297;0;0;0;790.916442871094;22.445140838623;748.438537597656;301.084014892578;0;0;8.21841907501221;292.246856689453;3292.94775390625;3867.55004882812;219.630950927734;368.372406005859;0;NA
NA;NA;NA;NA;NA;NA;NA;NA;NA;NA;NA;NA;NA;NA;NA;NA;NA;NA;NA;NA;NA;NA;30.3992710113525;0;6.1745719909668;5.32304000854492;74.5628204345703;NA;NA;NA;NA;NA;NA;NA;NA;NA;NA;NA;NA;NA;NA;NA;NA;NA;NA;NA;NA;NA;NA;NA;NA;NA;NA;NA;NA;NA;NA;NA;8931.7236328125;10460.1767578125;11679.76171875;13775.9462890625;7456.345703125;8598.974609375;1827.30517578125;3228.45361328125;5826.48974609375;19896.609375;18115.48828125;4348.94091796875;810.622436523438;302.703002929688;0;12954.662109375;4271.16552734375;0;0;0;1582.3828125;0;NA;NA;NA;NA;NA;NA;NA;NA;7420.181640625;14310.2109375;17401.06640625;NA;10134.8798828125;4847.82470703125;5213.2978515625;372.125762939453;1245.11730957031;150.967025756836;185.807998657227;95.5764312744141;14.0866937637329;0;187.892684936523;152.800903320312;5692.45361328125;3855.97045898438;6761.7890625;278.341033935547;70.4781188964844;775.438415527344;1443.30432128906;40.5586585998535;3.39890217781067;0;0;9.2661075592041;100.41796875;279.110168457031;21.4109287261963;848.465026855469;0;82.6106414794922;1651.97094726562;4663.90478515625;853.447204589844;282.645660400391;0;0;0;0;78.6217346191406;27.4926109313965;2038.15905761719;3.84950709342957;0;0;0;NA
NA;NA;NA;NA;NA;NA;NA;NA;NA;NA;NA;NA;NA;NA;NA;NA;NA;NA;NA;NA;NA;NA;NA;0;215.861175537109;468.184631347656;0;NA;NA;NA;NA;NA;NA;NA;NA;NA;NA;NA;NA;NA;NA;NA;NA;NA;NA;NA;NA;NA;NA;NA;NA;NA;NA;NA;NA;NA;2639.322265625;12496.11328125;19228.005859375;15966.9853515625;15554.3759765625;7827.55615234375;3340.89282226562;5055.56982421875;11015.4912109375;6103.978515625;15322.8779296875;18060.9609375;4211.99951171875;23.4764385223389;0;0;0;604.063659667969;43.7448844909668;19.3309955596924;7068.52099609375;3968.22216796875;0;0;0;0;NA;NA;NA;NA;NA;NA;18448.736328125;15694.3193359375;19013.763671875;NA;NA;1707.91247558594;5065.859375;1682.41516113281;10.1710987091064;384.118133544922;407.161224365234;64.8505249023438;5.60639333724976;0;48.7680435180664;352.745971679688;65.9342651367188;379.892608642578;652.032653808594;190.576187133789;0;2242.5693359375;857.272033691406;1309.94506835938;911.830261230469;35.151912689209;0;25.3546352386475;0;90.3207397460938;47.3988189697266;4.59734106063843;0;6082.2138671875;11110.0849609375;65.2578430175781;734.482238769531;0;2.92209053039551;0;0;0;0;0;84.2452392578125;0;0;0;0;NA
NA;NA;NA;NA;NA;NA;NA;NA;NA;NA;NA;NA;NA;NA;NA;NA;NA;NA;NA;NA;NA;NA;NA;NA;NA;NA;NA;NA;NA;NA;NA;NA;NA;NA;NA;NA;NA;NA;NA;NA;NA;NA;NA;NA;NA;NA;NA;NA;NA;NA;NA;NA;NA;NA;NA;19045.326171875;18272.361328125;23393.234375;19451.529296875;8790.2021484375;1226.58776855469;2633.185546875;9718.1357421875;11846.7109375;12543.6494140625;22828.51171875;15585.322265625;6818.3095703125;5368.025390625;0;0;0;0;42.0504341125488;5245.11474609375;10827.71875;6277.33251953125;121.817848205566;0;0;2450.29541015625;1518.53942871094;0;0;1653.74438476562;5548.0361328125;5726.8828125;16798.853515625;16559.470703125;15598.0302734375;18594.423828125;NA;NA;6711.4189453125;7910.16552734375;225.292190551758;240.546173095703;100.936325073242;139.394088745117;12.0774412155151;0;0;281.815368652344;129.670822143555;442.35400390625;26.4696960449219;7.85206270217896;355.829925537109;106.784194946289;202.614868164062;2113.37060546875;10717.189453125;3563.62890625;2561.11083984375;922.129211425781;0;46.953556060791;592.98095703125;0;671.026062011719;1921.3876953125;5001.70556640625;379.560028076172;105.000335693359;0.455230444669724;0.950172424316406;0;0;0;0;0;0;0;1.64096188545227;0;0;0;NA
NA;NA;NA;NA;NA;NA;NA;NA;NA;NA;NA;NA;NA;NA;NA;NA;NA;NA;NA;NA;NA;NA;NA;NA;NA;NA;NA;NA;NA;NA;NA;NA;NA;NA;NA;NA;NA;NA;NA;NA;NA;NA;NA;NA;NA;NA;NA;NA;NA;NA;NA;NA;NA;NA;NA;22495.857421875;24826.3671875;18762.8828125;467.083251953125;6170.22509765625;14728.3515625;11621.048828125;17657.267578125;13484.3994140625;22220.431640625;23387.00390625;10152.7041015625;13880.3125;2488.27319335938;0;0;0;98.7583694458008;7533.32958984375;10759.80859375;4697.025390625;3388.34228515625;385.004943847656;1373.62084960938;10891.115234375;22356.658203125;1474.162109375;0;7516.0712890625;10581.22265625;9168.7724609375;3998.201171875;5120.08203125;10638.3955078125;14479.39453125;5250.52685546875;8916.7109375;2712.3330078125;2385.95776367188;333.628204345703;86.7362442016602;860.206909179688;0;0;1019.00091552734;0;0;0;20.735912322998;60.4825134277344;3.96117782592773;0;151.579971313477;22.2619113922119;6629.64111328125;6264.92041015625;4725.92333984375;653.244262695312;3019.025390625;63.4228439331055;0;0;0;0;882.579895019531;208.629165649414;210.453460693359;331.228576660156;147.675552368164;139.307678222656;0;0;134.473159790039;0;0;0;0;0;0;0;0;0;NA
NA;NA;NA;NA;NA;NA;NA;NA;NA;NA;NA;NA;NA;NA;NA;NA;NA;NA;NA;NA;NA;NA;NA;NA;NA;NA;NA;NA;NA;NA;NA;NA;NA;NA;NA;NA;NA;NA;NA;NA;NA;NA;NA;NA;NA;NA;NA;NA;NA;NA;NA;NA;NA;NA;22116.671875;23360.857421875;18132.568359375;303.585723876953;13532.73046875;15002.6201171875;14598.83203125;17307.03515625;20978.486328125;21917.021484375;26498.7578125;37921.8046875;390.264556884766;0;0;0;0;46.9911766052246;6265.55712890625;5191.49365234375;3659.28637695312;2055.84033203125;13852.36328125;11024.259765625;8482.314453125;6891.58203125;223.475845336914;0;0;6190.46240234375;2880.25634765625;800.523742675781;2556.45141601562;6988.96435546875;5013.61669921875;6186.55712890625;2507.19580078125;690.916809082031;152.223052978516;39.1210098266602;0;13.9100685119629;3693.6220703125;12.223313331604;870.054565429688;835.539428710938;32.9206771850586;0;40.8424758911133;88.7753143310547;0;0;471.775939941406;398.820068359375;4581.77392578125;6117.14208984375;424.308654785156;0;198.970016479492;329.751251220703;0;0;64.3496551513672;266.589721679688;210.094024658203;0;94.2306671142578;33.9158744812012;3009.7568359375;23.771577835083;0;198.344024658203;0;0;0;0;0;0;0;0;0;0;0;NA
NA;NA;NA;NA;NA;NA;NA;NA;NA;NA;NA;NA;NA;NA;NA;NA;NA;NA;NA;NA;NA;NA;NA;NA;NA;NA;NA;NA;NA;NA;NA;NA;NA;NA;NA;NA;NA;NA;NA;NA;NA;NA;NA;NA;NA;NA;NA;NA;NA;NA;NA;NA;NA;NA;19459.931640625;7855.806640625;4945.51220703125;15424.171875;16555.333984375;18539.298828125;20626.05859375;18619.421875;22796.2890625;29504.484375;19786.083984375;11641.119140625;1060.0048828125;137.813018798828;0;507.635559082031;27.4557723999023;4108.6572265625;17278.21484375;14762.8896484375;6175.80224609375;14083.662109375;15692.015625;16217.02734375;7819.66455078125;1790.08911132812;17564.892578125;2029.32836914062;1607.96997070312;415.904113769531;2276.05639648438;499.324890136719;3386.2724609375;1788.57080078125;584.431579589844;7034.61572265625;0;25.181282043457;60.9895515441895;21.4782981872559;1.94143605232239;0;1534.15063476562;0;0;86.1370086669922;0;0;0;403.249969482422;0;222.523849487305;0;2895.216796875;4295.40576171875;43.8249244689941;118.737426757812;26.2078247070312;0;182.317016601562;0;268.472595214844;404.932708740234;264.3203125;0;0.904207348823547;1.39229762554169;2053.142578125;945.666442871094;76.7815628051758;103.144256591797;0;0;0;0;0;0;0;0;0;0;0;0;NA
NA;NA;NA;NA;NA;NA;NA;NA;NA;NA;NA;NA;NA;NA;NA;NA;NA;NA;NA;NA;NA;NA;NA;NA;NA;NA;NA;NA;NA;NA;NA;NA;NA;NA;NA;NA;NA;NA;NA;NA;NA;NA;NA;NA;NA;NA;NA;NA;NA;NA;NA;NA;NA;NA;3998.3408203125;11665.85546875;18332.064453125;17791.98046875;NA;18412.126953125;20752.767578125;22306.42578125;30902.041015625;13266.6142578125;15099.16796875;22387.14453125;202.048492431641;15223.462890625;55.0077018737793;2564.09350585938;5869.3896484375;19207.908203125;18688.123046875;8047.4794921875;8977.2822265625;2743.52099609375;3948.08178710938;7053.56103515625;484.001434326172;27438.462890625;39823.6484375;3817.20288085938;3583.21313476562;1344.404296875;467.946533203125;541.268432617188;0;195.756622314453;308.825866699219;6.19205093383789;16.2800636291504;69.8986434936523;91.0137023925781;5.38024568557739;4.86324548721313;0;0;50.9866638183594;0.00746218906715512;0;NA;36.9014053344727;9.80582046508789;0;0;0;19.8917636871338;919.276062011719;126.923248291016;50.6652526855469;29.8479461669922;99.9934234619141;15.5773115158081;1215.16711425781;143.598846435547;194.041381835938;0;67.3319625854492;0;13.2966423034668;691.010498046875;4394.52392578125;0;0.450938016176224;281.019653320312;0;0;0;0;0;0;0;0;0;0;0;0;NA
NA;NA;NA;NA;NA;NA;NA;NA;NA;NA;NA;NA;NA;NA;NA;NA;NA;NA;NA;NA;NA;NA;NA;NA;NA;NA;NA;NA;NA;NA;NA;NA;NA;NA;NA;NA;NA;NA;NA;NA;NA;NA;NA;NA;NA;NA;NA;NA;NA;NA;NA;NA;NA;NA;6332.80712890625;10082.4638671875;16993.173828125;14592.0546875;16994.9296875;17810.50390625;19138.240234375;28675.970703125;43675.26953125;44031.33203125;45084.4609375;29067.9765625;24324.458984375;31957.41796875;17706.927734375;18154.50390625;20508.455078125;8063.11376953125;3042.4287109375;0;1678.76342773438;24.6043434143066;0;802.669067382812;159.69612121582;5222.4169921875;0;0;968.980041503906;0;0;544.208618164062;0;59.9487533569336;169.677505493164;65.9810180664062;145.571380615234;5.62716293334961;0;2.95473003387451;0;0;7.26589012145996;0;0;0;18.1288814544678;0;0;0;0;0;0;0;0;107.586547851562;0;102.07788848877;329.784545898438;370.345184326172;134.222854614258;331.293029785156;71.6356658935547;0;0;1217.20471191406;3044.11083984375;5682.1923828125;296.295166015625;2830.47509765625;5.62525844573975;0;0;0;0;0;0;0;0;0;0;0;0;NA
NA;NA;NA;NA;NA;NA;NA;NA;NA;NA;NA;NA;NA;NA;NA;NA;NA;NA;NA;NA;NA;NA;NA;NA;NA;NA;NA;NA;NA;NA;NA;NA;NA;NA;NA;NA;NA;NA;NA;NA;NA;NA;NA;NA;NA;NA;NA;NA;NA;NA;NA;NA;NA;NA;5293.244140625;14167.2099609375;11874.0869140625;16642.001953125;16702.0703125;20321.818359375;26908.8984375;54775.9765625;37185.234375;48969.171875;46361.51953125;35212.78515625;30080.4375;21866.857421875;14939.9140625;6985.47509765625;4236.3134765625;0;0;56.3973655700684;55.5915184020996;0;109.005615234375;1521.62670898438;0;0;8211.81640625;430.554351806641;424.77978515625;0;0;0;21.2326412200928;103.915855407715;12.3187112808228;159.125061035156;22.4008541107178;0;0;0;0;17.5092830657959;0;0;0;0;0;0;0;0;0;0;3.90658855438232;0;92.2677688598633;0;43.6691741943359;0;114.892799377441;220.889312744141;182.942199707031;1088.80029296875;10.6124315261841;0;404.446685791016;487.310546875;7518.810546875;183.246307373047;0;9.41101932525635;0;0;0;0;0;0;0;0;0;0;0;0;0;NA
NA;NA;NA;NA;NA;NA;NA;NA;NA;NA;NA;NA;NA;NA;NA;NA;NA;NA;NA;NA;NA;NA;NA;NA;NA;NA;NA;NA;NA;NA;NA;NA;NA;NA;NA;NA;NA;NA;NA;NA;NA;NA;NA;NA;NA;NA;NA;NA;NA;NA;NA;NA;NA;NA;NA;13022.8212890625;16309.470703125;17009.6875;18627.896484375;NA;NA;6933.650390625;13333.8662109375;36327.71484375;18976.75390625;4353.41943359375;8020.44091796875;15410.201171875;4423.486328125;617.182373046875;65.8918914794922;0;0;0;0;0;565.661865234375;1227.58178710938;11596.0771484375;2644.6572265625;2.04852342605591;0;0;0;6.39291763305664;8.01255416870117;0;0;4.04308366775513;3.9827823638916;0;1.46679735183716;0;0;0;0;0;0;0;0;0;0;0;0;NA;0;15.4210062026978;284.329772949219;55.1528968811035;138.166351318359;104.174583435059;510.13330078125;156.407806396484;453.382171630859;8.05608749389648;0;0;214.815963745117;272.05419921875;847.479125976562;108.243644714355;0;5.52659368515015;0;0;0;0;0;0;0;0;0;0;0;0;0;0;NA
NA;NA;NA;NA;NA;NA;NA;NA;NA;NA;NA;NA;NA;NA;52.5001792907715;279.866760253906;18.6986484527588;NA;NA;NA;NA;NA;NA;NA;NA;NA;NA;NA;NA;NA;NA;NA;NA;NA;NA;NA;NA;NA;NA;NA;NA;NA;NA;NA;NA;NA;NA;NA;NA;NA;NA;NA;NA;NA;NA;NA;NA;NA;20269.361328125;6660.90380859375;0;0;4932.65087890625;4710.13623046875;399.478912353516;927.891906738281;4455.9912109375;0;750.120849609375;0;0;0;0;0;0;0;131.303085327148;4239.3916015625;1574.38525390625;75.3104248046875;0;0;3.82552552223206;22.9622421264648;70.4533309936523;0;0;2.88915920257568;0;0;0;13.2905216217041;0;0;0;0;0;4.94363451004028;0;0;0;0;2.28335499763489;0;1.63959729671478;NA;NA;0;0;45.5607833862305;0;1296.65368652344;63.602954864502;0;0;0;0;11.6936120986938;305.509460449219;17.1930904388428;76.0973052978516;0;0;0;0;0;0;0;0;0;0;0;0;0;0;0;0;NA
NA;NA;NA;NA;NA;NA;NA;NA;NA;NA;NA;NA;NA;NA;11.0761518478394;53.2460556030273;0;NA;NA;NA;NA;NA;NA;NA;NA;NA;NA;NA;NA;NA;NA;NA;NA;NA;NA;NA;NA;NA;NA;NA;NA;NA;NA;NA;NA;NA;NA;NA;NA;NA;NA;NA;NA;NA;NA;NA;NA;NA;5035.52685546875;179.618240356445;967.518188476562;0;0;3046.98291015625;0;0.76969176530838;1147.65759277344;46.2603073120117;0;115.508483886719;3401.53930664062;18.3369407653809;0;0;0;2950.01025390625;2485.47778320312;11855.6953125;0;0;0;0;0;81.3647766113281;0;0;0;0;0;0;0;0;0;0;0;0;0;3.89616179466248;0;0;0;0;1.85311937332153;0;0;0;0;NA;0;0;40.5354194641113;574.709899902344;117.45874786377;0;0;0;0;0;0;0;139.72184753418;133.926162719727;0;0;0;0;0;0;0;0;0;0;0;0;0;0;0;NA
NA;NA;NA;NA;NA;NA;NA;NA;NA;NA;NA;NA;NA;NA;0;4.69059562683105;0;NA;NA;NA;NA;NA;NA;NA;NA;NA;NA;NA;NA;NA;NA;NA;NA;NA;NA;NA;NA;NA;NA;NA;NA;NA;NA;NA;NA;NA;NA;NA;NA;NA;NA;NA;NA;NA;NA;4064.07373046875;5118.24365234375;6478.2646484375;1768.43859863281;50.9586410522461;213.133178710938;35.8477897644043;23.9935092926025;2514.71923828125;130.296646118164;367.434661865234;1633.41918945312;11.2923030853271;656.188171386719;1753.33898925781;100.760284423828;63.9290504455566;0;0;592.478515625;0;52.6649398803711;218.097473144531;0.834091424942017;9.28328990936279;0;0;17.1867370605469;2.90048432350159;0;0;0;0;0;0;0.83405739068985;0;0;0;0.365959078073502;0;0;0;0;0;0;13.9970808029175;0;0;22.8371658325195;0;0;115.24626159668;NA;NA;NA;0;81.0625610351562;0;0;0;0;0;0;0;0;0;0;0;0;0;0;0;0;0;0;0;0;0;0;0;0;NA
NA;NA;NA;NA;NA;NA;NA;NA;NA;NA;NA;NA;NA;NA;NA;NA;NA;NA;NA;NA;NA;NA;NA;NA;NA;NA;NA;NA;NA;NA;NA;NA;NA;NA;NA;NA;NA;NA;NA;NA;NA;NA;NA;NA;NA;NA;NA;NA;NA;NA;NA;NA;NA;NA;9210.16015625;486.305938720703;5621.802734375;1113.84851074219;288.258331298828;130.628189086914;94.3393707275391;88.8599624633789;368.139526367188;194.79362487793;246.846176147461;0;364.980590820312;0;0;NA;992.797119140625;219.612899780273;0;201.278289794922;156.193069458008;4.96882629394531;30.2987499237061;45.1877593994141;30.844367980957;92.4663314819336;0;0.00190012785606086;0;0;0;0;0;0;0;0.0975040122866631;0;0.603911280632019;0;6.31400108337402;209.037322998047;0;0;0;0;0;0;0;0;0;254.160598754883;0;0;0;0;NA;NA;NA;NA;15.6409721374512;0;1.75861597061157;0;0;0;0;0;0;0;0;0;0;0;0;0;0;0;0;0;0;0;0;0;NA
NA;NA;NA;NA;NA;NA;NA;NA;NA;NA;NA;NA;NA;NA;NA;NA;NA;NA;NA;NA;NA;NA;NA;NA;NA;NA;NA;NA;NA;NA;NA;NA;NA;NA;NA;NA;NA;NA;NA;NA;NA;NA;NA;NA;NA;NA;NA;NA;NA;NA;NA;0;9725.54296875;15847.1220703125;7664.3447265625;110.542739868164;504.891784667969;376.282165527344;167.882797241211;0;0;0;0;0;0;83.7383728027344;0;0;NA;NA;134.139984130859;53.1120872497559;2.28954911231995;104.134994506836;20.4718399047852;0.102081410586834;0.0908927097916603;0;5.04746437072754;0;0;100.629470825195;0;0;0;0;0;0;0;4.81538820266724;6.74475193023682;0;0;288.639343261719;0.941733241081238;1.73504209518433;0;0.914703547954559;0;0;0;0;0;44.7795677185059;189.196640014648;0;0;0;0;184.6484375;NA;NA;NA;NA;4.72673320770264;0;0;0;0;0.124356031417847;0;0;0;0;0;0;0;0;0;0;0;0;0;0;0;0;12.2846822738647;NA
NA;NA;NA;NA;NA;NA;NA;NA;NA;NA;NA;NA;NA;NA;NA;NA;NA;NA;NA;NA;NA;NA;NA;NA;NA;NA;NA;NA;NA;NA;NA;NA;NA;NA;NA;NA;NA;NA;NA;NA;NA;NA;NA;NA;NA;NA;NA;NA;NA;NA;NA;10.4835586547852;12670.716796875;20814.92578125;9912.986328125;0;439.462768554688;0;314.761505126953;80.0473403930664;657.336303710938;75.5997543334961;0;3421.32666015625;0;0;13.4979104995728;0;NA;116.516891479492;142.322204589844;138.417556762695;3.42962288856506;0;107.323333740234;96.3786468505859;0;0;0;0.0910629257559776;0;0;0;0;4.29086399078369;2.79835247993469;0;0;7.70760297775269;0;0;0;0;0;9.21000194549561;0;0;3.33639192581177;7.77238321304321;0;0;0;0;0;0;0;0;0;900.42041015625;204.162948608398;0;0;0;0;0;0;0;0;0;0;0;0;0;0;0;0;0;0;0;0;0;0;0;0;0;0;0;NA
NA;NA;NA;NA;NA;NA;NA;NA;NA;NA;NA;NA;NA;NA;NA;NA;NA;NA;NA;NA;NA;NA;NA;NA;NA;NA;NA;NA;NA;NA;NA;NA;NA;NA;NA;NA;NA;NA;NA;NA;NA;NA;NA;NA;NA;NA;NA;NA;NA;NA;NA;NA;NA;NA;NA;NA;NA;NA;NA;NA;NA;NA;NA;NA;NA;NA;NA;NA;NA;NA;NA;NA;NA;NA;NA;NA;NA;NA;NA;NA;NA;NA;NA;NA;NA;NA;NA;NA;NA;NA;NA;NA;NA;NA;NA;NA;NA;NA;NA;NA;NA;NA;NA;NA;NA;NA;NA;NA;NA;NA;NA;NA;NA;NA;NA;NA;NA;NA;NA;NA;NA;NA;NA;NA;NA;NA;NA;NA;NA;NA;NA;NA;NA;NA;NA;NA;NA;NA
